Workbook

Sheet 총괄(10월)
A1: 아이엔건설환경 | E1: 새암건설㈜ | F1: 건우건설㈜
A2: 청리면 덕산지구~~~ | E2: 영동 산과고~~~ | F2: 금성면~~~ | AY2: 특수형태근로자
A3: =H5 -> 45931 | D3: 일용노무비 지급명세서 | H3: 공 제 요 율 | J3: 국민연금 | M3: 건강보험 | P3: 장기요양 | S3: 갑근세 | V3: 주민세 | X3: 갑근세기준 | Z3: 고용보험율 | AB3: ※4대보험적용대상 월8일 이상근무자 | AF3: 출력인원 증가시 : 1번행과15번행 제외하고 그사이에 행을 복사하여 삽입하면 산식은 자동으로 인식됨. | AI3: 통장갖고있어서 자유롭게 신고가능자 | AY3: 고용보험요율
J4: 0.045 | M4: 0.03545 | P4: 건* | Q4: =12.95%/2 -> 0.06475 | S4: 0.027 | V4: 갑*10% | X4: 150000 | Z4: 0.009 | AI4: 임종관, 민헌기, 박범해, 신용철, 전덕하, 최순자, 최순옥, 양희옥, 김양수, 장영석 | AY4: 0.7%→0.8%
A5: 회사명 | C5: 총괄 | F5: 기간 | H5: 45931 | O5: =H6 -> 45961 | Q5: 일간 | S5: 공사명
H6: 45961 | S6: 공종명
A7: 연번 | B7: 직 종 | C7: 성 명 | D7: 주민등록 번 호 | E7: 주 소 | F7: 출력현황 | V7: 출력 공수 | W7: 노무비 | X7: 근로소득세액공제 | AA7: 공제합계 | AB7: 차 감 지급액 | AC7: 결재정보 | AE7: 출력일수
F8: 1 | G8: 2 | H8: 3 | I8: 4 | J8: 5 | K8: 6 | L8: 7 | M8: 8 | N8: 9 | O8: 10 | P8: 11 | Q8: 12 | R8: 13 | S8: 14 | T8: 15 | W8: 단 가 | X8: 고용보험 | Y8: 건강보험 | Z8: 국민연금 | AC8: 은행 | AD8: 예금주 | AI8: 1 | AJ8: 2 | AK8: 3 | AL8: 4 | AM8: 5 | AN8: 6 | AO8: 7 | AP8: 8 | AQ8: 9 | AR8: 10 | AS8: 11 | AT8: 12 | AU8: 13 | AV8: 14 | AW8: 15 | AY8: 우편번호
E9: 전화번호 | F9: 16 | G9: 17 | H9: 18 | I9: 19 | J9: 20 | K9: 21 | L9: 22 | M9: 23 | N9: 24 | O9: 25 | P9: 26 | Q9: 27 | R9: 28 | S9: 29 | T9: 30 | U9: 31 | W9: 총 액 | X9: 갑근세 | Y9: 주민세 | Z9: 장기요양 | AC9: 계좌번호 | AF9: 생년월일 | AG9: 만나이 | AI9: 16 | AJ9: 17 | AK9: 18 | AL9: 19 | AM9: 20 | AN9: 21 | AO9: 22 | AP9: 23 | AQ9: 24 | AR9: 25 | AS9: 26 | AT9: 27 | AU9: 28 | AV9: 29 | AW9: 30 | AX9: 31
A10: 1 | B10: =IF(ISERROR(VLOOKUP(C10,일용직명단!$A$3:$I$104,2,FALSE())),0,VLOOKUP(C10,일용직명단!$A$3:$I$104,2,FALSE())) -> 0 | C10: 임종관 | D10: =IF(ISERROR(VLOOKUP(C10,일용직명단!$A$3:$K$1246,3,FALSE())),0,VLOOKUP(C10,일용직명단!$A$3:$K$1246,3,FALSE())) -> 660123-1386716 | E10: =IF(ISERROR(VLOOKUP(C10,일용직명단!$A$3:$K$1246,4,FALSE())),0,VLOOKUP(C10,일용직명단!$A$3:$K$1246,4,FALSE())) -> 충북 영동군 양강면 국촌1길10 | O10: 1 | P10: 1 | R10: 1 | S10: 1 | T10: 1 | V10: =SUM(F10:U11) -> 7 | W10: =IF(ISERROR(VLOOKUP(C10,일용직명단!$A$3:$K$1246,8,FALSE())),0,VLOOKUP(C10,일용직명단!$A$3:$K$1246,8,FALSE())) -> 150000 | X10: =IFERROR(IF(AG10>=65,0,ROUNDDOWN(W11*$Z$4,-1)),0) -> 9450 | Y10: =IF(AE10>=8,ROUNDDOWN(W11*$M$4,-1),0) -> 0 | Z10: =IFERROR(IF(AND(COUNT(F10:U11)>=8,$AG10<60,W11<=5530000),ROUNDDOWN(ROUNDDOWN(W11,-3)*4.5%,-1),IF(AND(COUNT(F10:U11)>=8,AG10<60,W11>5530000),248850,0)),0) -> 0 | AA10: =+X10+Y10+X11+Y11+Z10+Z11 -> 9450 | AB10: =W11-AA10 -> 1040550 | AC10: =IF(ISERROR(VLOOKUP(C10,일용직명단!$A$3:$I$1226,5,FALSE())),0,VLOOKUP(C10,일용직명단!$A$3:$I$1226,5,FALSE())) -> 농협 | AD10: =IF(ISERROR(VLOOKUP(C10,일용직명단!$A$3:$I$1226,6,FALSE())),0,VLOOKUP(C10,일용직명단!$A$3:$I$1226,6,FALSE())) -> 임종관 | AE10: =COUNT(F10:U11) -> 7 | AF10: =IF(OR(MID(D10,8,1)="1",MID(D10,8,1)="2"),19&LEFT(D10,2),20&LEFT(D10,2))&"-"&MID(D10,3,2)&"-"&MID(D10,5,2) -> 1966-01-23 | AG10: =INT((TODAY()-AF10)/365.25) -> 60 | AH10: =ROUNDDOWN(SUM(AI10:AX11),-1) -> 0 | AI10: =IF($W10*F10>150000,($W10*F10-150000)*6%*45%,0) -> 0 | AJ10: =IF($W10*G10>150000,($W10*G10-150000)*6%*45%,0) -> 0 | AK10: =IF($W10*H10>150000,($W10*H10-150000)*6%*45%,0) -> 0 | AL10: =IF($W10*I10>150000,($W10*I10-150000)*6%*45%,0) -> 0 | AM10: =IF($W10*J10>150000,($W10*J10-150000)*6%*45%,0) -> 0 | AN10: =IF($W10*K10>150000,($W10*K10-150000)*6%*45%,0) -> 0 | AO10: =IF($W10*L10>150000,($W10*L10-150000)*6%*45%,0) -> 0 | AP10: =IF($W10*M10>150000,($W10*M10-150000)*6%*45%,0) -> 0 | ... AW10: =IF($W10*T10>150000,($W10*T10-150000)*6%*45%,0) -> 0 | AY10: =IF(ISERROR(VLOOKUP(C10,[26]일용직명단!$A$3:$M$1151,11,FALSE())),0,VLOOKUP(C10,[26]일용직명단!$A$3:$M$1151,11,FALSE())) -> 29155
E11: =IF(ISERROR(VLOOKUP(C10,일용직명단!$A$3:$K$1246,9,FALSE())),0,VLOOKUP(C10,일용직명단!$A$3:$K$1246,9,FALSE())) -> 010-3039-3737 | F11: 1 | G11: 1 | W11: =W10*V10 -> 1050000 | X11: =IF(AH10<1000,0,AH10) -> 0 | Y11: =ROUNDDOWN(X11*10%,-1) -> 0 | Z11: =IF(AE10>=8,ROUNDDOWN(Y10*$Q$4,-1),0) -> 0 | AC11: =IF(ISERROR(VLOOKUP(C10,일용직명단!$A$3:$I$1226,7,FALSE())),0,VLOOKUP(C10,일용직명단!$A$3:$I$1226,7,FALSE())) -> 352-1734-5415-23 | AI11: =IF($W10*F11>150000,($W10*F11-150000)*6%*45%,0) -> 0 | AJ11: =IF($W10*G11>150000,($W10*G11-150000)*6%*45%,0) -> 0 | AK11: =IF($W10*H11>150000,($W10*H11-150000)*6%*45%,0) -> 0 | AL11: =IF($W10*I11>150000,($W10*I11-150000)*6%*45%,0) -> 0 | AM11: =IF($W10*J11>150000,($W10*J11-150000)*6%*45%,0) -> 0 | AN11: =IF($W10*K11>150000,($W10*K11-150000)*6%*45%,0) -> 0 | AO11: =IF($W10*L11>150000,($W10*L11-150000)*6%*45%,0) -> 0 | AP11: =IF($W10*M11>150000,($W10*M11-150000)*6%*45%,0) -> 0 | ... AX11: =IF($W10*U11>150000,($W10*U11-150000)*6%*45%,0) -> 0
A12: =A10+1 -> 2 | B12: =IF(ISERROR(VLOOKUP(C12,일용직명단!$A$3:$I$104,2,FALSE())),0,VLOOKUP(C12,일용직명단!$A$3:$I$104,2,FALSE())) -> 0 | C12: 민헌기 | D12: =IF(ISERROR(VLOOKUP(C12,일용직명단!$A$3:$K$1246,3,FALSE())),0,VLOOKUP(C12,일용직명단!$A$3:$K$1246,3,FALSE())) -> 601219-1386711 | E12: =IF(ISERROR(VLOOKUP(C12,일용직명단!$A$3:$K$1246,4,FALSE())),0,VLOOKUP(C12,일용직명단!$A$3:$K$1246,4,FALSE())) -> 충북 영동군 양강면 내만길 173 (만계리 156-4) | O12: 1 | P12: 1 | R12: 1 | S12: 1 | T12: 1 | V12: =SUM(F12:U13) -> 7 | W12: =IF(ISERROR(VLOOKUP(C12,일용직명단!$A$3:$K$1246,8,FALSE())),0,VLOOKUP(C12,일용직명단!$A$3:$K$1246,8,FALSE())) -> 150000 | X12: =IFERROR(IF(AG12>=65,0,ROUNDDOWN(W13*$Z$4,-1)),0) -> 0 | Y12: =IF(AE12>=8,ROUNDDOWN(W13*$M$4,-1),0) -> 0 | Z12: =IFERROR(IF(AND(COUNT(F12:U13)>=8,$AG12<60,W13<=5530000),ROUNDDOWN(ROUNDDOWN(W13,-3)*4.5%,-1),IF(AND(COUNT(F12:U13)>=8,AG12<60,W13>5530000),248850,0)),0) -> 0 | AA12: =+X12+Y12+X13+Y13+Z12+Z13 -> 0 | AB12: =W13-AA12 -> 1050000 | AC12: =IF(ISERROR(VLOOKUP(C12,일용직명단!$A$3:$I$1226,5,FALSE())),0,VLOOKUP(C12,일용직명단!$A$3:$I$1226,5,FALSE())) -> 농협 | AD12: =IF(ISERROR(VLOOKUP(C12,일용직명단!$A$3:$I$1226,6,FALSE())),0,VLOOKUP(C12,일용직명단!$A$3:$I$1226,6,FALSE())) -> 민헌기 | AE12: =COUNT(F12:U13) -> 7 | AF12: =IF(OR(MID(D12,8,1)="1",MID(D12,8,1)="2"),19&LEFT(D12,2),20&LEFT(D12,2))&"-"&MID(D12,3,2)&"-"&MID(D12,5,2) -> 1960-12-19 | AG12: =INT((TODAY()-AF12)/365.25) -> 65 | AH12: =ROUNDDOWN(SUM(AI12:AX13),-1) -> 0 | AI12: =IF($W12*F12>150000,($W12*F12-150000)*6%*45%,0) -> 0 | AJ12: =IF($W12*G12>150000,($W12*G12-150000)*6%*45%,0) -> 0 | AK12: =IF($W12*H12>150000,($W12*H12-150000)*6%*45%,0) -> 0 | AL12: =IF($W12*I12>150000,($W12*I12-150000)*6%*45%,0) -> 0 | AM12: =IF($W12*J12>150000,($W12*J12-150000)*6%*45%,0) -> 0 | AN12: =IF($W12*K12>150000,($W12*K12-150000)*6%*45%,0) -> 0 | AO12: =IF($W12*L12>150000,($W12*L12-150000)*6%*45%,0) -> 0 | AP12: =IF($W12*M12>150000,($W12*M12-150000)*6%*45%,0) -> 0 | ... AW12: =IF($W12*T12>150000,($W12*T12-150000)*6%*45%,0) -> 0 | AY12: =IF(ISERROR(VLOOKUP(C12,[26]일용직명단!$A$3:$M$1151,11,FALSE())),0,VLOOKUP(C12,[26]일용직명단!$A$3:$M$1151,11,FALSE())) -> 29157
E13: =IF(ISERROR(VLOOKUP(C12,일용직명단!$A$3:$K$1246,9,FALSE())),0,VLOOKUP(C12,일용직명단!$A$3:$K$1246,9,FALSE())) -> 010-5338-5196 | F13: 1 | G13: 1 | W13: =W12*V12 -> 1050000 | X13: =IF(AH12<1000,0,AH12) -> 0 | Y13: =ROUNDDOWN(X13*10%,-1) -> 0 | Z13: =IF(AE12>=8,ROUNDDOWN(Y12*$Q$4,-1),0) -> 0 | AC13: =IF(ISERROR(VLOOKUP(C12,일용직명단!$A$3:$I$1226,7,FALSE())),0,VLOOKUP(C12,일용직명단!$A$3:$I$1226,7,FALSE())) -> 352-0293-9952-13 | AI13: =IF($W12*F13>150000,($W12*F13-150000)*6%*45%,0) -> 0 | AJ13: =IF($W12*G13>150000,($W12*G13-150000)*6%*45%,0) -> 0 | AK13: =IF($W12*H13>150000,($W12*H13-150000)*6%*45%,0) -> 0 | AL13: =IF($W12*I13>150000,($W12*I13-150000)*6%*45%,0) -> 0 | AM13: =IF($W12*J13>150000,($W12*J13-150000)*6%*45%,0) -> 0 | AN13: =IF($W12*K13>150000,($W12*K13-150000)*6%*45%,0) -> 0 | AO13: =IF($W12*L13>150000,($W12*L13-150000)*6%*45%,0) -> 0 | AP13: =IF($W12*M13>150000,($W12*M13-150000)*6%*45%,0) -> 0 | ... AX13: =IF($W12*U13>150000,($W12*U13-150000)*6%*45%,0) -> 0
A14: =A12+1 -> 3 | B14: =IF(ISERROR(VLOOKUP(C14,일용직명단!$A$3:$I$104,2,FALSE())),0,VLOOKUP(C14,일용직명단!$A$3:$I$104,2,FALSE())) -> 0 | C14: 박범해 | D14: =IF(ISERROR(VLOOKUP(C14,일용직명단!$A$3:$K$1246,3,FALSE())),0,VLOOKUP(C14,일용직명단!$A$3:$K$1246,3,FALSE())) -> 660105-1386714 | E14: =IF(ISERROR(VLOOKUP(C14,일용직명단!$A$3:$K$1246,4,FALSE())),0,VLOOKUP(C14,일용직명단!$A$3:$K$1246,4,FALSE())) -> 충북 영동군 양강면 남전2안길 4-17 (남전리 272) | O14: 1 | P14: 1 | R14: 1 | S14: 1 | T14: 1 | V14: =SUM(F14:U15) -> 7 | W14: =IF(ISERROR(VLOOKUP(C14,일용직명단!$A$3:$K$1246,8,FALSE())),0,VLOOKUP(C14,일용직명단!$A$3:$K$1246,8,FALSE())) -> 150000 | X14: =IFERROR(IF(AG14>=65,0,ROUNDDOWN(W15*$Z$4,-1)),0) -> 9450 | Y14: =IF(AE14>=8,ROUNDDOWN(W15*$M$4,-1),0) -> 0 | Z14: =IFERROR(IF(AND(COUNT(F14:U15)>=8,$AG14<60,W15<=5530000),ROUNDDOWN(ROUNDDOWN(W15,-3)*4.5%,-1),IF(AND(COUNT(F14:U15)>=8,AG14<60,W15>5530000),248850,0)),0) -> 0 | AA14: =+X14+Y14+X15+Y15+Z14+Z15 -> 9450 | AB14: =W15-AA14 -> 1040550 | AC14: =IF(ISERROR(VLOOKUP(C14,일용직명단!$A$3:$I$1226,5,FALSE())),0,VLOOKUP(C14,일용직명단!$A$3:$I$1226,5,FALSE())) -> 농협 | AD14: =IF(ISERROR(VLOOKUP(C14,일용직명단!$A$3:$I$1226,6,FALSE())),0,VLOOKUP(C14,일용직명단!$A$3:$I$1226,6,FALSE())) -> 박범해 | AE14: =COUNT(F14:U15) -> 7 | AF14: =IF(OR(MID(D14,8,1)="1",MID(D14,8,1)="2"),19&LEFT(D14,2),20&LEFT(D14,2))&"-"&MID(D14,3,2)&"-"&MID(D14,5,2) -> 1966-01-05 | AG14: =INT((TODAY()-AF14)/365.25) -> 60 | AH14: =ROUNDDOWN(SUM(AI14:AX15),-1) -> 0 | AI14: =IF($W14*F14>150000,($W14*F14-150000)*6%*45%,0) -> 0 | AJ14: =IF($W14*G14>150000,($W14*G14-150000)*6%*45%,0) -> 0 | AK14: =IF($W14*H14>150000,($W14*H14-150000)*6%*45%,0) -> 0 | AL14: =IF($W14*I14>150000,($W14*I14-150000)*6%*45%,0) -> 0 | AM14: =IF($W14*J14>150000,($W14*J14-150000)*6%*45%,0) -> 0 | AN14: =IF($W14*K14>150000,($W14*K14-150000)*6%*45%,0) -> 0 | AO14: =IF($W14*L14>150000,($W14*L14-150000)*6%*45%,0) -> 0 | AP14: =IF($W14*M14>150000,($W14*M14-150000)*6%*45%,0) -> 0 | ... AW14: =IF($W14*T14>150000,($W14*T14-150000)*6%*45%,0) -> 0 | AY14: =IF(ISERROR(VLOOKUP(C14,[26]일용직명단!$A$3:$M$1151,11,FALSE())),0,VLOOKUP(C14,[26]일용직명단!$A$3:$M$1151,11,FALSE())) -> 29155
E15: =IF(ISERROR(VLOOKUP(C14,일용직명단!$A$3:$K$1246,9,FALSE())),0,VLOOKUP(C14,일용직명단!$A$3:$K$1246,9,FALSE())) -> 010-6356-5898 | F15: 1 | G15: 1 | W15: =W14*V14 -> 1050000 | X15: =IF(AH14<1000,0,AH14) -> 0 | Y15: =ROUNDDOWN(X15*10%,-1) -> 0 | Z15: =IF(AE14>=8,ROUNDDOWN(Y14*$Q$4,-1),0) -> 0 | AC15: =IF(ISERROR(VLOOKUP(C14,일용직명단!$A$3:$I$1226,7,FALSE())),0,VLOOKUP(C14,일용직명단!$A$3:$I$1226,7,FALSE())) -> 356-1071-0591-83 | AI15: =IF($W14*F15>150000,($W14*F15-150000)*6%*45%,0) -> 0 | AJ15: =IF($W14*G15>150000,($W14*G15-150000)*6%*45%,0) -> 0 | AK15: =IF($W14*H15>150000,($W14*H15-150000)*6%*45%,0) -> 0 | AL15: =IF($W14*I15>150000,($W14*I15-150000)*6%*45%,0) -> 0 | AM15: =IF($W14*J15>150000,($W14*J15-150000)*6%*45%,0) -> 0 | AN15: =IF($W14*K15>150000,($W14*K15-150000)*6%*45%,0) -> 0 | AO15: =IF($W14*L15>150000,($W14*L15-150000)*6%*45%,0) -> 0 | AP15: =IF($W14*M15>150000,($W14*M15-150000)*6%*45%,0) -> 0 | ... AX15: =IF($W14*U15>150000,($W14*U15-150000)*6%*45%,0) -> 0
A16: =A14+1 -> 4 | B16: =IF(ISERROR(VLOOKUP(C16,일용직명단!$A$3:$I$104,2,FALSE())),0,VLOOKUP(C16,일용직명단!$A$3:$I$104,2,FALSE())) -> 0 | C16: 신용철 | D16: =IF(ISERROR(VLOOKUP(C16,일용직명단!$A$3:$K$1246,3,FALSE())),0,VLOOKUP(C16,일용직명단!$A$3:$K$1246,3,FALSE())) -> 651220-1228344 | E16: =IF(ISERROR(VLOOKUP(C16,일용직명단!$A$3:$K$1246,4,FALSE())),0,VLOOKUP(C16,일용직명단!$A$3:$K$1246,4,FALSE())) -> 충북 영동군 황간면 신흥1길 8 | O16: 1 | P16: 1 | R16: 1 | S16: 1 | T16: 1 | V16: =SUM(F16:U17) -> 7 | W16: =IF(ISERROR(VLOOKUP(C16,일용직명단!$A$3:$K$1246,8,FALSE())),0,VLOOKUP(C16,일용직명단!$A$3:$K$1246,8,FALSE())) -> 150000 | X16: =IFERROR(IF(AG16>=65,0,ROUNDDOWN(W17*$Z$4,-1)),0) -> 9450 | Y16: =IF(AE16>=8,ROUNDDOWN(W17*$M$4,-1),0) -> 0 | Z16: =IFERROR(IF(AND(COUNT(F16:U17)>=8,$AG16<60,W17<=5530000),ROUNDDOWN(ROUNDDOWN(W17,-3)*4.5%,-1),IF(AND(COUNT(F16:U17)>=8,AG16<60,W17>5530000),248850,0)),0) -> 0 | AA16: =+X16+Y16+X17+Y17+Z16+Z17 -> 9450 | AB16: =W17-AA16 -> 1040550 | AC16: =IF(ISERROR(VLOOKUP(C16,일용직명단!$A$3:$I$1226,5,FALSE())),0,VLOOKUP(C16,일용직명단!$A$3:$I$1226,5,FALSE())) -> 농협 | AD16: =IF(ISERROR(VLOOKUP(C16,일용직명단!$A$3:$I$1226,6,FALSE())),0,VLOOKUP(C16,일용직명단!$A$3:$I$1226,6,FALSE())) -> 신용철 | AE16: =COUNT(F16:U17) -> 7 | AF16: =IF(OR(MID(D16,8,1)="1",MID(D16,8,1)="2"),19&LEFT(D16,2),20&LEFT(D16,2))&"-"&MID(D16,3,2)&"-"&MID(D16,5,2) -> 1965-12-20 | AG16: =INT((TODAY()-AF16)/365.25) -> 60 | AH16: =ROUNDDOWN(SUM(AI16:AX17),-1) -> 0 | AI16: =IF($W16*F16>150000,($W16*F16-150000)*6%*45%,0) -> 0 | AJ16: =IF($W16*G16>150000,($W16*G16-150000)*6%*45%,0) -> 0 | AK16: =IF($W16*H16>150000,($W16*H16-150000)*6%*45%,0) -> 0 | AL16: =IF($W16*I16>150000,($W16*I16-150000)*6%*45%,0) -> 0 | AM16: =IF($W16*J16>150000,($W16*J16-150000)*6%*45%,0) -> 0 | AN16: =IF($W16*K16>150000,($W16*K16-150000)*6%*45%,0) -> 0 | AO16: =IF($W16*L16>150000,($W16*L16-150000)*6%*45%,0) -> 0 | AP16: =IF($W16*M16>150000,($W16*M16-150000)*6%*45%,0) -> 0 | ... AW16: =IF($W16*T16>150000,($W16*T16-150000)*6%*45%,0) -> 0 | AY16: =IF(ISERROR(VLOOKUP(C16,[26]일용직명단!$A$3:$M$1151,11,FALSE())),0,VLOOKUP(C16,[26]일용직명단!$A$3:$M$1151,11,FALSE())) -> 29116
E17: =IF(ISERROR(VLOOKUP(C16,일용직명단!$A$3:$K$1246,9,FALSE())),0,VLOOKUP(C16,일용직명단!$A$3:$K$1246,9,FALSE())) -> 010-3900-0965 | F17: 1 | G17: 1 | W17: =W16*V16 -> 1050000 | X17: =IF(AH16<1000,0,AH16) -> 0 | Y17: =ROUNDDOWN(X17*10%,-1) -> 0 | Z17: =IF(AE16>=8,ROUNDDOWN(Y16*$Q$4,-1),0) -> 0 | AC17: =IF(ISERROR(VLOOKUP(C16,일용직명단!$A$3:$I$1226,7,FALSE())),0,VLOOKUP(C16,일용직명단!$A$3:$I$1226,7,FALSE())) -> 356-1329-6202-53 | AI17: =IF($W16*F17>150000,($W16*F17-150000)*6%*45%,0) -> 0 | AJ17: =IF($W16*G17>150000,($W16*G17-150000)*6%*45%,0) -> 0 | AK17: =IF($W16*H17>150000,($W16*H17-150000)*6%*45%,0) -> 0 | AL17: =IF($W16*I17>150000,($W16*I17-150000)*6%*45%,0) -> 0 | AM17: =IF($W16*J17>150000,($W16*J17-150000)*6%*45%,0) -> 0 | AN17: =IF($W16*K17>150000,($W16*K17-150000)*6%*45%,0) -> 0 | AO17: =IF($W16*L17>150000,($W16*L17-150000)*6%*45%,0) -> 0 | AP17: =IF($W16*M17>150000,($W16*M17-150000)*6%*45%,0) -> 0 | ... AX17: =IF($W16*U17>150000,($W16*U17-150000)*6%*45%,0) -> 0
A18: =A16+1 -> 5 | C18: 전덕하 | D18: =IF(ISERROR(VLOOKUP(C18,일용직명단!$A$3:$K$1246,3,FALSE())),0,VLOOKUP(C18,일용직명단!$A$3:$K$1246,3,FALSE())) -> 491107-1448813 | E18: =IF(ISERROR(VLOOKUP(C18,일용직명단!$A$3:$K$1246,4,FALSE())),0,VLOOKUP(C18,일용직명단!$A$3:$K$1246,4,FALSE())) -> 충북 영동군 양강면 국촌1길 6-6 | O18: 1 | P18: 1 | R18: 1 | S18: 1 | T18: 1 | V18: =SUM(F18:U19) -> 7 | W18: =IF(ISERROR(VLOOKUP(C18,일용직명단!$A$3:$K$1246,8,FALSE())),0,VLOOKUP(C18,일용직명단!$A$3:$K$1246,8,FALSE())) -> 150000 | X18: =IFERROR(IF(AG18>=65,0,ROUNDDOWN(W19*$Z$4,-1)),0) -> 0 | Y18: =IF(AE18>=8,ROUNDDOWN(W19*$M$4,-1),0) -> 0 | Z18: =IFERROR(IF(AND(COUNT(F18:U19)>=8,$AG18<60,W19<=5530000),ROUNDDOWN(ROUNDDOWN(W19,-3)*4.5%,-1),IF(AND(COUNT(F18:U19)>=8,AG18<60,W19>5530000),248850,0)),0) -> 0 | AA18: =+X18+Y18+X19+Y19+Z18+Z19 -> 0 | AB18: =W19-AA18 -> 1050000 | AC18: =IF(ISERROR(VLOOKUP(C18,일용직명단!$A$3:$I$1226,5,FALSE())),0,VLOOKUP(C18,일용직명단!$A$3:$I$1226,5,FALSE())) -> 농협 | AD18: =IF(ISERROR(VLOOKUP(C18,일용직명단!$A$3:$I$1226,6,FALSE())),0,VLOOKUP(C18,일용직명단!$A$3:$I$1226,6,FALSE())) -> 전덕하 | AE18: =COUNT(F18:U19) -> 7 | AF18: =IF(OR(MID(D18,8,1)="1",MID(D18,8,1)="2"),19&LEFT(D18,2),20&LEFT(D18,2))&"-"&MID(D18,3,2)&"-"&MID(D18,5,2) -> 1949-11-07 | AG18: =INT((TODAY()-AF18)/365.25) -> 76 | AH18: =ROUNDDOWN(SUM(AI18:AX19),-1) -> 0 | AI18: =IF($W18*F18>150000,($W18*F18-150000)*6%*45%,0) -> 0 | AJ18: =IF($W18*G18>150000,($W18*G18-150000)*6%*45%,0) -> 0 | AK18: =IF($W18*H18>150000,($W18*H18-150000)*6%*45%,0) -> 0 | AL18: =IF($W18*I18>150000,($W18*I18-150000)*6%*45%,0) -> 0 | AM18: =IF($W18*J18>150000,($W18*J18-150000)*6%*45%,0) -> 0 | AN18: =IF($W18*K18>150000,($W18*K18-150000)*6%*45%,0) -> 0 | AO18: =IF($W18*L18>150000,($W18*L18-150000)*6%*45%,0) -> 0 | AP18: =IF($W18*M18>150000,($W18*M18-150000)*6%*45%,0) -> 0 | ... AW18: =IF($W18*T18>150000,($W18*T18-150000)*6%*45%,0) -> 0 | AY18: =IF(ISERROR(VLOOKUP(C18,[26]일용직명단!$A$3:$M$1151,11,FALSE())),0,VLOOKUP(C18,[26]일용직명단!$A$3:$M$1151,11,FALSE())) -> 29155
E19: =IF(ISERROR(VLOOKUP(C18,일용직명단!$A$3:$K$1246,9,FALSE())),0,VLOOKUP(C18,일용직명단!$A$3:$K$1246,9,FALSE())) -> 0 | F19: 1 | G19: 1 | W19: =W18*V18 -> 1050000 | X19: =IF(AH18<1000,0,AH18) -> 0 | Y19: =ROUNDDOWN(X19*10%,-1) -> 0 | Z19: =IF(AE18>=8,ROUNDDOWN(Y18*$Q$4,-1),0) -> 0 | AC19: =IF(ISERROR(VLOOKUP(C18,일용직명단!$A$3:$I$1226,7,FALSE())),0,VLOOKUP(C18,일용직명단!$A$3:$I$1226,7,FALSE())) -> 356-0791-8136-43 | AI19: =IF($W18*F19>150000,($W18*F19-150000)*6%*45%,0) -> 0 | AJ19: =IF($W18*G19>150000,($W18*G19-150000)*6%*45%,0) -> 0 | AK19: =IF($W18*H19>150000,($W18*H19-150000)*6%*45%,0) -> 0 | AL19: =IF($W18*I19>150000,($W18*I19-150000)*6%*45%,0) -> 0 | AM19: =IF($W18*J19>150000,($W18*J19-150000)*6%*45%,0) -> 0 | AN19: =IF($W18*K19>150000,($W18*K19-150000)*6%*45%,0) -> 0 | AO19: =IF($W18*L19>150000,($W18*L19-150000)*6%*45%,0) -> 0 | AP19: =IF($W18*M19>150000,($W18*M19-150000)*6%*45%,0) -> 0 | ... AX19: =IF($W18*U19>150000,($W18*U19-150000)*6%*45%,0) -> 0
A20: =A18+1 -> 6 | B20: =IF(ISERROR(VLOOKUP(C20,일용직명단!$A$3:$I$104,2,FALSE())),0,VLOOKUP(C20,일용직명단!$A$3:$I$104,2,FALSE())) -> 0 | C20: 최순자 | D20: =IF(ISERROR(VLOOKUP(C20,일용직명단!$A$3:$K$1246,3,FALSE())),0,VLOOKUP(C20,일용직명단!$A$3:$K$1246,3,FALSE())) -> 610604-2382923 | E20: =IF(ISERROR(VLOOKUP(C20,일용직명단!$A$3:$K$1246,4,FALSE())),0,VLOOKUP(C20,일용직명단!$A$3:$K$1246,4,FALSE())) -> 대전광역시 동구 충정로 136, 1102동 2006호 (가양동, 대주파크빌) | O20: 1 | P20: 1 | R20: 1 | S20: 1 | T20: 1 | V20: =SUM(F20:U21) -> 7 | W20: =IF(ISERROR(VLOOKUP(C20,일용직명단!$A$3:$K$1246,8,FALSE())),0,VLOOKUP(C20,일용직명단!$A$3:$K$1246,8,FALSE())) -> 150000 | X20: =IFERROR(IF(AG20>=65,0,ROUNDDOWN(W21*$Z$4,-1)),0) -> 9450 | Y20: =IF(AE20>=8,ROUNDDOWN(W21*$M$4,-1),0) -> 0 | Z20: =IFERROR(IF(AND(COUNT(F20:U21)>=8,$AG20<60,W21<=5530000),ROUNDDOWN(ROUNDDOWN(W21,-3)*4.5%,-1),IF(AND(COUNT(F20:U21)>=8,AG20<60,W21>5530000),248850,0)),0) -> 0 | AA20: =+X20+Y20+X21+Y21+Z20+Z21 -> 9450 | AB20: =W21-AA20 -> 1040550 | AC20: =IF(ISERROR(VLOOKUP(C20,일용직명단!$A$3:$I$1226,5,FALSE())),0,VLOOKUP(C20,일용직명단!$A$3:$I$1226,5,FALSE())) -> 농협 | AD20: =IF(ISERROR(VLOOKUP(C20,일용직명단!$A$3:$I$1226,6,FALSE())),0,VLOOKUP(C20,일용직명단!$A$3:$I$1226,6,FALSE())) -> 최순자 | AE20: =COUNT(F20:U21) -> 7 | AF20: =IF(OR(MID(D20,8,1)="1",MID(D20,8,1)="2"),19&LEFT(D20,2),20&LEFT(D20,2))&"-"&MID(D20,3,2)&"-"&MID(D20,5,2) -> 1961-06-04 | AG20: =INT((TODAY()-AF20)/365.25) -> 64 | AH20: =ROUNDDOWN(SUM(AI20:AX21),-1) -> 0 | AI20: =IF($W20*F20>150000,($W20*F20-150000)*6%*45%,0) -> 0 | AJ20: =IF($W20*G20>150000,($W20*G20-150000)*6%*45%,0) -> 0 | AK20: =IF($W20*H20>150000,($W20*H20-150000)*6%*45%,0) -> 0 | AL20: =IF($W20*I20>150000,($W20*I20-150000)*6%*45%,0) -> 0 | AM20: =IF($W20*J20>150000,($W20*J20-150000)*6%*45%,0) -> 0 | AN20: =IF($W20*K20>150000,($W20*K20-150000)*6%*45%,0) -> 0 | AO20: =IF($W20*L20>150000,($W20*L20-150000)*6%*45%,0) -> 0 | AP20: =IF($W20*M20>150000,($W20*M20-150000)*6%*45%,0) -> 0 | ... AW20: =IF($W20*T20>150000,($W20*T20-150000)*6%*45%,0) -> 0 | AY20: =IF(ISERROR(VLOOKUP(C20,[26]일용직명단!$A$3:$M$1151,11,FALSE())),0,VLOOKUP(C20,[26]일용직명단!$A$3:$M$1151,11,FALSE())) -> 34509
E21: =IF(ISERROR(VLOOKUP(C20,일용직명단!$A$3:$K$1246,9,FALSE())),0,VLOOKUP(C20,일용직명단!$A$3:$K$1246,9,FALSE())) -> 010-5093-9072 | F21: 1 | G21: 1 | W21: =W20*V20 -> 1050000 | X21: =IF(AH20<1000,0,AH20) -> 0 | Y21: =ROUNDDOWN(X21*10%,-1) -> 0 | Z21: =IF(AE20>=8,ROUNDDOWN(Y20*$Q$4,-1),0) -> 0 | AC21: =IF(ISERROR(VLOOKUP(C20,일용직명단!$A$3:$I$1226,7,FALSE())),0,VLOOKUP(C20,일용직명단!$A$3:$I$1226,7,FALSE())) -> 356-1585-3805-03 | AI21: =IF($W20*F21>150000,($W20*F21-150000)*6%*45%,0) -> 0 | AJ21: =IF($W20*G21>150000,($W20*G21-150000)*6%*45%,0) -> 0 | AK21: =IF($W20*H21>150000,($W20*H21-150000)*6%*45%,0) -> 0 | AL21: =IF($W20*I21>150000,($W20*I21-150000)*6%*45%,0) -> 0 | AM21: =IF($W20*J21>150000,($W20*J21-150000)*6%*45%,0) -> 0 | AN21: =IF($W20*K21>150000,($W20*K21-150000)*6%*45%,0) -> 0 | AO21: =IF($W20*L21>150000,($W20*L21-150000)*6%*45%,0) -> 0 | AP21: =IF($W20*M21>150000,($W20*M21-150000)*6%*45%,0) -> 0 | ... AX21: =IF($W20*U21>150000,($W20*U21-150000)*6%*45%,0) -> 0
A22: =A20+1 -> 7 | C22: 최순옥 | D22: =IF(ISERROR(VLOOKUP(C22,일용직명단!$A$3:$K$1246,3,FALSE())),0,VLOOKUP(C22,일용직명단!$A$3:$K$1246,3,FALSE())) -> 661110-2382929 | E22: =IF(ISERROR(VLOOKUP(C22,일용직명단!$A$3:$K$1246,4,FALSE())),0,VLOOKUP(C22,일용직명단!$A$3:$K$1246,4,FALSE())) -> 대전광역시 동구 성동로7번길 58-11, 1동 107호 (자양동, 임광아파트) | O22: 1 | P22: 1 | R22: 1 | S22: 1 | T22: 1 | V22: =SUM(F22:U23) -> 7 | W22: =IF(ISERROR(VLOOKUP(C22,일용직명단!$A$3:$K$1246,8,FALSE())),0,VLOOKUP(C22,일용직명단!$A$3:$K$1246,8,FALSE())) -> 150000 | X22: =IFERROR(IF(AG22>=65,0,ROUNDDOWN(W23*$Z$4,-1)),0) -> 9450 | Y22: =IF(AE22>=8,ROUNDDOWN(W23*$M$4,-1),0) -> 0 | Z22: =IFERROR(IF(AND(COUNT(F22:U23)>=8,$AG22<60,W23<=5530000),ROUNDDOWN(ROUNDDOWN(W23,-3)*4.5%,-1),IF(AND(COUNT(F22:U23)>=8,AG22<60,W23>5530000),248850,0)),0) -> 0 | AA22: =+X22+Y22+X23+Y23+Z22+Z23 -> 9450 | AB22: =W23-AA22 -> 1040550 | AC22: =IF(ISERROR(VLOOKUP(C22,일용직명단!$A$3:$I$1226,5,FALSE())),0,VLOOKUP(C22,일용직명단!$A$3:$I$1226,5,FALSE())) -> 농협 | AD22: =IF(ISERROR(VLOOKUP(C22,일용직명단!$A$3:$I$1226,6,FALSE())),0,VLOOKUP(C22,일용직명단!$A$3:$I$1226,6,FALSE())) -> 최순옥 | AE22: =COUNT(F22:U23) -> 7 | AF22: =IF(OR(MID(D22,8,1)="1",MID(D22,8,1)="2"),19&LEFT(D22,2),20&LEFT(D22,2))&"-"&MID(D22,3,2)&"-"&MID(D22,5,2) -> 1966-11-10 | AG22: =INT((TODAY()-AF22)/365.25) -> 59 | AH22: =ROUNDDOWN(SUM(AI22:AX23),-1) -> 0 | AI22: =IF($W22*F22>150000,($W22*F22-150000)*6%*45%,0) -> 0 | AJ22: =IF($W22*G22>150000,($W22*G22-150000)*6%*45%,0) -> 0 | AK22: =IF($W22*H22>150000,($W22*H22-150000)*6%*45%,0) -> 0 | AL22: =IF($W22*I22>150000,($W22*I22-150000)*6%*45%,0) -> 0 | AM22: =IF($W22*J22>150000,($W22*J22-150000)*6%*45%,0) -> 0 | AN22: =IF($W22*K22>150000,($W22*K22-150000)*6%*45%,0) -> 0 | AO22: =IF($W22*L22>150000,($W22*L22-150000)*6%*45%,0) -> 0 | AP22: =IF($W22*M22>150000,($W22*M22-150000)*6%*45%,0) -> 0 | ... AW22: =IF($W22*T22>150000,($W22*T22-150000)*6%*45%,0) -> 0 | AY22: =IF(ISERROR(VLOOKUP(C22,[27]일용직명단!$A$3:$M$1151,11,FALSE())),0,VLOOKUP(C22,[27]일용직명단!$A$3:$M$1151,11,FALSE())) -> 34513
E23: =IF(ISERROR(VLOOKUP(C22,일용직명단!$A$3:$K$1246,9,FALSE())),0,VLOOKUP(C22,일용직명단!$A$3:$K$1246,9,FALSE())) -> 010-8770-7249 | F23: 1 | G23: 1 | W23: =W22*V22 -> 1050000 | X23: =IF(AH22<1000,0,AH22) -> 0 | Y23: =ROUNDDOWN(X23*10%,-1) -> 0 | Z23: =IF(AE22>=8,ROUNDDOWN(Y22*$Q$4,-1),0) -> 0 | AC23: =IF(ISERROR(VLOOKUP(C22,일용직명단!$A$3:$I$1226,7,FALSE())),0,VLOOKUP(C22,일용직명단!$A$3:$I$1226,7,FALSE())) -> 352-2099-8874-83 | AI23: =IF($W22*F23>150000,($W22*F23-150000)*6%*45%,0) -> 0 | AJ23: =IF($W22*G23>150000,($W22*G23-150000)*6%*45%,0) -> 0 | AK23: =IF($W22*H23>150000,($W22*H23-150000)*6%*45%,0) -> 0 | AL23: =IF($W22*I23>150000,($W22*I23-150000)*6%*45%,0) -> 0 | AM23: =IF($W22*J23>150000,($W22*J23-150000)*6%*45%,0) -> 0 | AN23: =IF($W22*K23>150000,($W22*K23-150000)*6%*45%,0) -> 0 | AO23: =IF($W22*L23>150000,($W22*L23-150000)*6%*45%,0) -> 0 | AP23: =IF($W22*M23>150000,($W22*M23-150000)*6%*45%,0) -> 0 | ... AX23: =IF($W22*U23>150000,($W22*U23-150000)*6%*45%,0) -> 0
A24: =A22+1 -> 8 | B24: =IF(ISERROR(VLOOKUP(C24,일용직명단!$A$3:$I$104,2,FALSE())),0,VLOOKUP(C24,일용직명단!$A$3:$I$104,2,FALSE())) -> 0 | C24: 양희옥 | D24: =IF(ISERROR(VLOOKUP(C24,일용직명단!$A$3:$K$1246,3,FALSE())),0,VLOOKUP(C24,일용직명단!$A$3:$K$1246,3,FALSE())) -> 640320-2386922 | E24: =IF(ISERROR(VLOOKUP(C24,일용직명단!$A$3:$K$1246,4,FALSE())),0,VLOOKUP(C24,일용직명단!$A$3:$K$1246,4,FALSE())) -> 충북 영동군 양강면 양정리116-6 | O24: 1 | P24: 1 | R24: 1 | S24: 1 | T24: 1 | V24: =SUM(F24:U25) -> 7 | W24: =IF(ISERROR(VLOOKUP(C24,일용직명단!$A$3:$K$1246,8,FALSE())),0,VLOOKUP(C24,일용직명단!$A$3:$K$1246,8,FALSE())) -> 150000 | X24: =IFERROR(IF(AG24>=65,0,ROUNDDOWN(W25*$Z$4,-1)),0) -> 9450 | Y24: =IF(AE24>=8,ROUNDDOWN(W25*$M$4,-1),0) -> 0 | Z24: =IFERROR(IF(AND(COUNT(F24:U25)>=8,$AG24<60,W25<=5530000),ROUNDDOWN(ROUNDDOWN(W25,-3)*4.5%,-1),IF(AND(COUNT(F24:U25)>=8,AG24<60,W25>5530000),248850,0)),0) -> 0 | AA24: =+X24+Y24+X25+Y25+Z24+Z25 -> 9450 | AB24: =W25-AA24 -> 1040550 | AC24: =IF(ISERROR(VLOOKUP(C24,일용직명단!$A$3:$I$1226,5,FALSE())),0,VLOOKUP(C24,일용직명단!$A$3:$I$1226,5,FALSE())) -> 농협 | AD24: =IF(ISERROR(VLOOKUP(C24,일용직명단!$A$3:$I$1226,6,FALSE())),0,VLOOKUP(C24,일용직명단!$A$3:$I$1226,6,FALSE())) -> 양희옥 | AE24: =COUNT(F24:U25) -> 7 | AF24: =IF(OR(MID(D24,8,1)="1",MID(D24,8,1)="2"),19&LEFT(D24,2),20&LEFT(D24,2))&"-"&MID(D24,3,2)&"-"&MID(D24,5,2) -> 1964-03-20 | AG24: =INT((TODAY()-AF24)/365.25) -> 62 | AH24: =ROUNDDOWN(SUM(AI24:AX25),-1) -> 0 | AI24: =IF($W24*F24>150000,($W24*F24-150000)*6%*45%,0) -> 0 | AJ24: =IF($W24*G24>150000,($W24*G24-150000)*6%*45%,0) -> 0 | AK24: =IF($W24*H24>150000,($W24*H24-150000)*6%*45%,0) -> 0 | AL24: =IF($W24*I24>150000,($W24*I24-150000)*6%*45%,0) -> 0 | AM24: =IF($W24*J24>150000,($W24*J24-150000)*6%*45%,0) -> 0 | AN24: =IF($W24*K24>150000,($W24*K24-150000)*6%*45%,0) -> 0 | AO24: =IF($W24*L24>150000,($W24*L24-150000)*6%*45%,0) -> 0 | AP24: =IF($W24*M24>150000,($W24*M24-150000)*6%*45%,0) -> 0 | ... AW24: =IF($W24*T24>150000,($W24*T24-150000)*6%*45%,0) -> 0 | AY24: =IF(ISERROR(VLOOKUP(C24,[26]일용직명단!$A$3:$M$1151,11,FALSE())),0,VLOOKUP(C24,[26]일용직명단!$A$3:$M$1151,11,FALSE())) -> 29156
E25: =IF(ISERROR(VLOOKUP(C24,일용직명단!$A$3:$K$1246,9,FALSE())),0,VLOOKUP(C24,일용직명단!$A$3:$K$1246,9,FALSE())) -> 010-8982-1150 | F25: 1 | G25: 1 | W25: =W24*V24 -> 1050000 | X25: =IF(AH24<1000,0,AH24) -> 0 | Y25: =ROUNDDOWN(X25*10%,-1) -> 0 | Z25: =IF(AE24>=8,ROUNDDOWN(Y24*$Q$4,-1),0) -> 0 | AC25: =IF(ISERROR(VLOOKUP(C24,일용직명단!$A$3:$I$1226,7,FALSE())),0,VLOOKUP(C24,일용직명단!$A$3:$I$1226,7,FALSE())) -> 407023-56-010784 | AI25: =IF($W24*F25>150000,($W24*F25-150000)*6%*45%,0) -> 0 | AJ25: =IF($W24*G25>150000,($W24*G25-150000)*6%*45%,0) -> 0 | AK25: =IF($W24*H25>150000,($W24*H25-150000)*6%*45%,0) -> 0 | AL25: =IF($W24*I25>150000,($W24*I25-150000)*6%*45%,0) -> 0 | AM25: =IF($W24*J25>150000,($W24*J25-150000)*6%*45%,0) -> 0 | AN25: =IF($W24*K25>150000,($W24*K25-150000)*6%*45%,0) -> 0 | AO25: =IF($W24*L25>150000,($W24*L25-150000)*6%*45%,0) -> 0 | AP25: =IF($W24*M25>150000,($W24*M25-150000)*6%*45%,0) -> 0 | ... AX25: =IF($W24*U25>150000,($W24*U25-150000)*6%*45%,0) -> 0
A26: =A24+1 -> 9 | C26: 김양수 | D26: =IF(ISERROR(VLOOKUP(C26,일용직명단!$A$3:$K$1246,3,FALSE())),0,VLOOKUP(C26,일용직명단!$A$3:$K$1246,3,FALSE())) -> 610205-2400329 | E26: =IF(ISERROR(VLOOKUP(C26,일용직명단!$A$3:$K$1246,4,FALSE())),0,VLOOKUP(C26,일용직명단!$A$3:$K$1246,4,FALSE())) -> 충북 영동군 영동읍 회동로 156-20 | O26: 1 | P26: 1 | R26: 1 | S26: 1 | T26: 1 | V26: =SUM(F26:U27) -> 7 | W26: =IF(ISERROR(VLOOKUP(C26,일용직명단!$A$3:$K$1246,8,FALSE())),0,VLOOKUP(C26,일용직명단!$A$3:$K$1246,8,FALSE())) -> 150000 | X26: =IFERROR(IF(AG26>=65,0,ROUNDDOWN(W27*$Z$4,-1)),0) -> 0 | Y26: =IF(AE26>=8,ROUNDDOWN(W27*$M$4,-1),0) -> 0 | Z26: =IFERROR(IF(AND(COUNT(F26:U27)>=8,$AG26<60,W27<=5530000),ROUNDDOWN(ROUNDDOWN(W27,-3)*4.5%,-1),IF(AND(COUNT(F26:U27)>=8,AG26<60,W27>5530000),248850,0)),0) -> 0 | AA26: =+X26+Y26+X27+Y27+Z26+Z27 -> 0 | AB26: =W27-AA26 -> 1050000 | AC26: =IF(ISERROR(VLOOKUP(C26,일용직명단!$A$3:$I$1226,5,FALSE())),0,VLOOKUP(C26,일용직명단!$A$3:$I$1226,5,FALSE())) -> 농협 | AD26: =IF(ISERROR(VLOOKUP(C26,일용직명단!$A$3:$I$1226,6,FALSE())),0,VLOOKUP(C26,일용직명단!$A$3:$I$1226,6,FALSE())) -> 김양수 | AE26: =COUNT(F26:U27) -> 7 | AF26: =IF(OR(MID(D26,8,1)="1",MID(D26,8,1)="2"),19&LEFT(D26,2),20&LEFT(D26,2))&"-"&MID(D26,3,2)&"-"&MID(D26,5,2) -> 1961-02-05 | AG26: =INT((TODAY()-AF26)/365.25) -> 65 | AH26: =ROUNDDOWN(SUM(AI26:AX27),-1) -> 0 | AI26: =IF($W26*F26>150000,($W26*F26-150000)*6%*45%,0) -> 0 | AJ26: =IF($W26*G26>150000,($W26*G26-150000)*6%*45%,0) -> 0 | AK26: =IF($W26*H26>150000,($W26*H26-150000)*6%*45%,0) -> 0 | AL26: =IF($W26*I26>150000,($W26*I26-150000)*6%*45%,0) -> 0 | AM26: =IF($W26*J26>150000,($W26*J26-150000)*6%*45%,0) -> 0 | AN26: =IF($W26*K26>150000,($W26*K26-150000)*6%*45%,0) -> 0 | AO26: =IF($W26*L26>150000,($W26*L26-150000)*6%*45%,0) -> 0 | AP26: =IF($W26*M26>150000,($W26*M26-150000)*6%*45%,0) -> 0 | ... AW26: =IF($W26*T26>150000,($W26*T26-150000)*6%*45%,0) -> 0 | AY26: =IF(ISERROR(VLOOKUP(C26,[26]일용직명단!$A$3:$M$1151,11,FALSE())),0,VLOOKUP(C26,[26]일용직명단!$A$3:$M$1151,11,FALSE())) -> 29141
E27: =IF(ISERROR(VLOOKUP(C26,일용직명단!$A$3:$K$1246,9,FALSE())),0,VLOOKUP(C26,일용직명단!$A$3:$K$1246,9,FALSE())) -> 010-4034-9739 | F27: 1 | G27: 1 | W27: =W26*V26 -> 1050000 | X27: =IF(AH26<1000,0,AH26) -> 0 | Y27: =ROUNDDOWN(X27*10%,-1) -> 0 | Z27: =IF(AE26>=8,ROUNDDOWN(Y26*$Q$4,-1),0) -> 0 | AC27: =IF(ISERROR(VLOOKUP(C26,일용직명단!$A$3:$I$1226,7,FALSE())),0,VLOOKUP(C26,일용직명단!$A$3:$I$1226,7,FALSE())) -> 356-1603-8569-73 | AI27: =IF($W26*F27>150000,($W26*F27-150000)*6%*45%,0) -> 0 | AJ27: =IF($W26*G27>150000,($W26*G27-150000)*6%*45%,0) -> 0 | AK27: =IF($W26*H27>150000,($W26*H27-150000)*6%*45%,0) -> 0 | AL27: =IF($W26*I27>150000,($W26*I27-150000)*6%*45%,0) -> 0 | AM27: =IF($W26*J27>150000,($W26*J27-150000)*6%*45%,0) -> 0 | AN27: =IF($W26*K27>150000,($W26*K27-150000)*6%*45%,0) -> 0 | AO27: =IF($W26*L27>150000,($W26*L27-150000)*6%*45%,0) -> 0 | AP27: =IF($W26*M27>150000,($W26*M27-150000)*6%*45%,0) -> 0 | ... AX27: =IF($W26*U27>150000,($W26*U27-150000)*6%*45%,0) -> 0
A28: =A26+1 -> 10 | C28: 장영석 | D28: =IF(ISERROR(VLOOKUP(C28,일용직명단!$A$3:$K$1246,3,FALSE())),0,VLOOKUP(C28,일용직명단!$A$3:$K$1246,3,FALSE())) -> 611022-1386119 | E28: =IF(ISERROR(VLOOKUP(C28,일용직명단!$A$3:$K$1246,4,FALSE())),0,VLOOKUP(C28,일용직명단!$A$3:$K$1246,4,FALSE())) -> 충북 영동군 영동읍 영동황간로 27, 801호(금강타운) | O28: 1 | P28: 1 | R28: 1 | S28: 1 | T28: 1 | V28: =SUM(F28:U29) -> 7 | W28: =IF(ISERROR(VLOOKUP(C28,일용직명단!$A$3:$K$1246,8,FALSE())),0,VLOOKUP(C28,일용직명단!$A$3:$K$1246,8,FALSE())) -> 150000 | X28: =IFERROR(IF(AG28>=65,0,ROUNDDOWN(W29*$Z$4,-1)),0) -> 9450 | Y28: =IF(AE28>=8,ROUNDDOWN(W29*$M$4,-1),0) -> 0 | Z28: =IFERROR(IF(AND(COUNT(F28:U29)>=8,$AG28<60,W29<=5530000),ROUNDDOWN(ROUNDDOWN(W29,-3)*4.5%,-1),IF(AND(COUNT(F28:U29)>=8,AG28<60,W29>5530000),248850,0)),0) -> 0 | AA28: =+X28+Y28+X29+Y29+Z28+Z29 -> 9450 | AB28: =W29-AA28 -> 1040550 | AC28: =IF(ISERROR(VLOOKUP(C28,일용직명단!$A$3:$I$1226,5,FALSE())),0,VLOOKUP(C28,일용직명단!$A$3:$I$1226,5,FALSE())) -> 농협 | AD28: =IF(ISERROR(VLOOKUP(C28,일용직명단!$A$3:$I$1226,6,FALSE())),0,VLOOKUP(C28,일용직명단!$A$3:$I$1226,6,FALSE())) -> 장영석 | AE28: =COUNT(F28:U29) -> 7 | AF28: =IF(OR(MID(D28,8,1)="1",MID(D28,8,1)="2"),19&LEFT(D28,2),20&LEFT(D28,2))&"-"&MID(D28,3,2)&"-"&MID(D28,5,2) -> 1961-10-22 | AG28: =INT((TODAY()-AF28)/365.25) -> 64 | AH28: =ROUNDDOWN(SUM(AI28:AX29),-1) -> 0 | AI28: =IF($W28*F28>150000,($W28*F28-150000)*6%*45%,0) -> 0 | AJ28: =IF($W28*G28>150000,($W28*G28-150000)*6%*45%,0) -> 0 | AK28: =IF($W28*H28>150000,($W28*H28-150000)*6%*45%,0) -> 0 | AL28: =IF($W28*I28>150000,($W28*I28-150000)*6%*45%,0) -> 0 | AM28: =IF($W28*J28>150000,($W28*J28-150000)*6%*45%,0) -> 0 | AN28: =IF($W28*K28>150000,($W28*K28-150000)*6%*45%,0) -> 0 | AO28: =IF($W28*L28>150000,($W28*L28-150000)*6%*45%,0) -> 0 | AP28: =IF($W28*M28>150000,($W28*M28-150000)*6%*45%,0) -> 0 | ... AW28: =IF($W28*T28>150000,($W28*T28-150000)*6%*45%,0) -> 0 | AY28: =IF(ISERROR(VLOOKUP(C28,[26]일용직명단!$A$3:$M$1151,11,FALSE())),0,VLOOKUP(C28,[26]일용직명단!$A$3:$M$1151,11,FALSE())) -> 0
E29: =IF(ISERROR(VLOOKUP(C28,일용직명단!$A$3:$K$1246,9,FALSE())),0,VLOOKUP(C28,일용직명단!$A$3:$K$1246,9,FALSE())) -> 010-4021-4009 | F29: 1 | G29: 1 | W29: =W28*V28 -> 1050000 | X29: =IF(AH28<1000,0,AH28) -> 0 | Y29: =ROUNDDOWN(X29*10%,-1) -> 0 | Z29: =IF(AE28>=8,ROUNDDOWN(Y28*$Q$4,-1),0) -> 0 | AC29: =IF(ISERROR(VLOOKUP(C28,일용직명단!$A$3:$I$1226,7,FALSE())),0,VLOOKUP(C28,일용직명단!$A$3:$I$1226,7,FALSE())) -> 356-1027-4314-93 | AI29: =IF($W28*F29>150000,($W28*F29-150000)*6%*45%,0) -> 0 | AJ29: =IF($W28*G29>150000,($W28*G29-150000)*6%*45%,0) -> 0 | AK29: =IF($W28*H29>150000,($W28*H29-150000)*6%*45%,0) -> 0 | AL29: =IF($W28*I29>150000,($W28*I29-150000)*6%*45%,0) -> 0 | AM29: =IF($W28*J29>150000,($W28*J29-150000)*6%*45%,0) -> 0 | AN29: =IF($W28*K29>150000,($W28*K29-150000)*6%*45%,0) -> 0 | AO29: =IF($W28*L29>150000,($W28*L29-150000)*6%*45%,0) -> 0 | AP29: =IF($W28*M29>150000,($W28*M29-150000)*6%*45%,0) -> 0 | ... AX29: =IF($W28*U29>150000,($W28*U29-150000)*6%*45%,0) -> 0
A30: =A28+1 -> 11 | B30: =IF(ISERROR(VLOOKUP(C30,일용직명단!$A$3:$I$104,2,FALSE())),0,VLOOKUP(C30,일용직명단!$A$3:$I$104,2,FALSE())) -> 0 | C30: 박봉열 | D30: =IF(ISERROR(VLOOKUP(C30,일용직명단!$A$3:$K$1246,3,FALSE())),0,VLOOKUP(C30,일용직명단!$A$3:$K$1246,3,FALSE())) -> 630605-1182813 | E30: =IF(ISERROR(VLOOKUP(C30,일용직명단!$A$3:$K$1246,4,FALSE())),0,VLOOKUP(C30,일용직명단!$A$3:$K$1246,4,FALSE())) -> 인천광역시 남동구 인주대로 857, 102동 105호(만수동,삼환아파트) | O30: 1 | P30: 1 | R30: 1 | S30: 1 | T30: 1 | V30: =SUM(F30:U31) -> 7 | W30: =IF(ISERROR(VLOOKUP(C30,일용직명단!$A$3:$K$1246,8,FALSE())),0,VLOOKUP(C30,일용직명단!$A$3:$K$1246,8,FALSE())) -> 150000 | X30: =IFERROR(IF(AG30>=65,0,ROUNDDOWN(W31*$Z$4,-1)),0) -> 9450 | Y30: =IF(AE30>=8,ROUNDDOWN(W31*$M$4,-1),0) -> 0 | Z30: =IFERROR(IF(AND(COUNT(F30:U31)>=8,$AG30<60,W31<=5530000),ROUNDDOWN(ROUNDDOWN(W31,-3)*4.5%,-1),IF(AND(COUNT(F30:U31)>=8,AG30<60,W31>5530000),248850,0)),0) -> 0 | AA30: =+X30+Y30+X31+Y31+Z30+Z31 -> 9450 | AB30: =W31-AA30 -> 1040550 | AC30: =IF(ISERROR(VLOOKUP(C30,일용직명단!$A$3:$I$1226,5,FALSE())),0,VLOOKUP(C30,일용직명단!$A$3:$I$1226,5,FALSE())) -> 새마을 | AD30: =IF(ISERROR(VLOOKUP(C30,일용직명단!$A$3:$I$1226,6,FALSE())),0,VLOOKUP(C30,일용직명단!$A$3:$I$1226,6,FALSE())) -> 박봉열 | AE30: =COUNT(F30:U31) -> 7 | AF30: =IF(OR(MID(D30,8,1)="1",MID(D30,8,1)="2"),19&LEFT(D30,2),20&LEFT(D30,2))&"-"&MID(D30,3,2)&"-"&MID(D30,5,2) -> 1963-06-05 | AG30: =INT((TODAY()-AF30)/365.25) -> 62 | AH30: =ROUNDDOWN(SUM(AI30:AX31),-1) -> 0 | AI30: =IF($W30*F30>150000,($W30*F30-150000)*6%*45%,0) -> 0 | AJ30: =IF($W30*G30>150000,($W30*G30-150000)*6%*45%,0) -> 0 | AK30: =IF($W30*H30>150000,($W30*H30-150000)*6%*45%,0) -> 0 | AL30: =IF($W30*I30>150000,($W30*I30-150000)*6%*45%,0) -> 0 | AM30: =IF($W30*J30>150000,($W30*J30-150000)*6%*45%,0) -> 0 | AN30: =IF($W30*K30>150000,($W30*K30-150000)*6%*45%,0) -> 0 | AO30: =IF($W30*L30>150000,($W30*L30-150000)*6%*45%,0) -> 0 | AP30: =IF($W30*M30>150000,($W30*M30-150000)*6%*45%,0) -> 0 | ... AW30: =IF($W30*T30>150000,($W30*T30-150000)*6%*45%,0) -> 0 | AY30: =IF(ISERROR(VLOOKUP(C30,[26]일용직명단!$A$3:$M$1151,11,FALSE())),0,VLOOKUP(C30,[26]일용직명단!$A$3:$M$1151,11,FALSE())) -> 0
E31: =IF(ISERROR(VLOOKUP(C30,일용직명단!$A$3:$K$1246,9,FALSE())),0,VLOOKUP(C30,일용직명단!$A$3:$K$1246,9,FALSE())) -> 0 | F31: 1 | G31: 1 | W31: =W30*V30 -> 1050000 | X31: =IF(AH30<1000,0,AH30) -> 0 | Y31: =ROUNDDOWN(X31*10%,-1) -> 0 | Z31: =IF(AE30>=8,ROUNDDOWN(Y30*$Q$4,-1),0) -> 0 | AC31: =IF(ISERROR(VLOOKUP(C30,일용직명단!$A$3:$I$1226,7,FALSE())),0,VLOOKUP(C30,일용직명단!$A$3:$I$1226,7,FALSE())) -> 2306-09-0087630-4 | AI31: =IF($W30*F31>150000,($W30*F31-150000)*6%*45%,0) -> 0 | AJ31: =IF($W30*G31>150000,($W30*G31-150000)*6%*45%,0) -> 0 | AK31: =IF($W30*H31>150000,($W30*H31-150000)*6%*45%,0) -> 0 | AL31: =IF($W30*I31>150000,($W30*I31-150000)*6%*45%,0) -> 0 | AM31: =IF($W30*J31>150000,($W30*J31-150000)*6%*45%,0) -> 0 | AN31: =IF($W30*K31>150000,($W30*K31-150000)*6%*45%,0) -> 0 | AO31: =IF($W30*L31>150000,($W30*L31-150000)*6%*45%,0) -> 0 | AP31: =IF($W30*M31>150000,($W30*M31-150000)*6%*45%,0) -> 0 | ... AX31: =IF($W30*U31>150000,($W30*U31-150000)*6%*45%,0) -> 0
A32: =A30+1 -> 12 | B32: =IF(ISERROR(VLOOKUP(C32,일용직명단!$A$3:$I$104,2,FALSE())),0,VLOOKUP(C32,일용직명단!$A$3:$I$104,2,FALSE())) -> 0 | C32: 장신진 | D32: =IF(ISERROR(VLOOKUP(C32,일용직명단!$A$3:$K$1246,3,FALSE())),0,VLOOKUP(C32,일용직명단!$A$3:$K$1246,3,FALSE())) -> 620908-1386710 | E32: =IF(ISERROR(VLOOKUP(C32,일용직명단!$A$3:$K$1246,4,FALSE())),0,VLOOKUP(C32,일용직명단!$A$3:$K$1246,4,FALSE())) -> 충북 영동군 영동읍 동정로 39-27, 현대아파트 101동 1501호 | O32: 1 | P32: 1 | R32: 1 | S32: 1 | T32: 1 | V32: =SUM(F32:U33) -> 7 | W32: =IF(ISERROR(VLOOKUP(C32,일용직명단!$A$3:$K$1246,8,FALSE())),0,VLOOKUP(C32,일용직명단!$A$3:$K$1246,8,FALSE())) -> 150000 | X32: =IFERROR(IF(AG32>=65,0,ROUNDDOWN(W33*$Z$4,-1)),0) -> 9450 | Y32: =IF(AE32>=8,ROUNDDOWN(W33*$M$4,-1),0) -> 0 | Z32: =IFERROR(IF(AND(COUNT(F32:U33)>=8,$AG32<60,W33<=5530000),ROUNDDOWN(ROUNDDOWN(W33,-3)*4.5%,-1),IF(AND(COUNT(F32:U33)>=8,AG32<60,W33>5530000),248850,0)),0) -> 0 | AA32: =+X32+Y32+X33+Y33+Z32+Z33 -> 9450 | AB32: =W33-AA32 -> 1040550 | AC32: =IF(ISERROR(VLOOKUP(C32,일용직명단!$A$3:$I$1226,5,FALSE())),0,VLOOKUP(C32,일용직명단!$A$3:$I$1226,5,FALSE())) -> 농협 | AD32: =IF(ISERROR(VLOOKUP(C32,일용직명단!$A$3:$I$1226,6,FALSE())),0,VLOOKUP(C32,일용직명단!$A$3:$I$1226,6,FALSE())) -> 장신진 | AE32: =COUNT(F32:U33) -> 7 | AF32: =IF(OR(MID(D32,8,1)="1",MID(D32,8,1)="2"),19&LEFT(D32,2),20&LEFT(D32,2))&"-"&MID(D32,3,2)&"-"&MID(D32,5,2) -> 1962-09-08 | AG32: =INT((TODAY()-AF32)/365.25) -> 63 | AH32: =ROUNDDOWN(SUM(AI32:AX33),-1) -> 0 | AI32: =IF($W32*F32>150000,($W32*F32-150000)*6%*45%,0) -> 0 | AJ32: =IF($W32*G32>150000,($W32*G32-150000)*6%*45%,0) -> 0 | AK32: =IF($W32*H32>150000,($W32*H32-150000)*6%*45%,0) -> 0 | AL32: =IF($W32*I32>150000,($W32*I32-150000)*6%*45%,0) -> 0 | AM32: =IF($W32*J32>150000,($W32*J32-150000)*6%*45%,0) -> 0 | AN32: =IF($W32*K32>150000,($W32*K32-150000)*6%*45%,0) -> 0 | AO32: =IF($W32*L32>150000,($W32*L32-150000)*6%*45%,0) -> 0 | AP32: =IF($W32*M32>150000,($W32*M32-150000)*6%*45%,0) -> 0 | ... AW32: =IF($W32*T32>150000,($W32*T32-150000)*6%*45%,0) -> 0 | AY32: =IF(ISERROR(VLOOKUP(C32,[26]일용직명단!$A$3:$M$1151,11,FALSE())),0,VLOOKUP(C32,[26]일용직명단!$A$3:$M$1151,11,FALSE())) -> 29140
E33: =IF(ISERROR(VLOOKUP(C32,일용직명단!$A$3:$K$1246,9,FALSE())),0,VLOOKUP(C32,일용직명단!$A$3:$K$1246,9,FALSE())) -> 010-8450-8819 | F33: 1 | G33: 1 | W33: =W32*V32 -> 1050000 | X33: =IF(AH32<1000,0,AH32) -> 0 | Y33: =ROUNDDOWN(X33*10%,-1) -> 0 | Z33: =IF(AE32>=8,ROUNDDOWN(Y32*$Q$4,-1),0) -> 0 | AC33: =IF(ISERROR(VLOOKUP(C32,일용직명단!$A$3:$I$1226,7,FALSE())),0,VLOOKUP(C32,일용직명단!$A$3:$I$1226,7,FALSE())) -> 356-1353-2371-93 | AI33: =IF($W32*F33>150000,($W32*F33-150000)*6%*45%,0) -> 0 | AJ33: =IF($W32*G33>150000,($W32*G33-150000)*6%*45%,0) -> 0 | AK33: =IF($W32*H33>150000,($W32*H33-150000)*6%*45%,0) -> 0 | AL33: =IF($W32*I33>150000,($W32*I33-150000)*6%*45%,0) -> 0 | AM33: =IF($W32*J33>150000,($W32*J33-150000)*6%*45%,0) -> 0 | AN33: =IF($W32*K33>150000,($W32*K33-150000)*6%*45%,0) -> 0 | AO33: =IF($W32*L33>150000,($W32*L33-150000)*6%*45%,0) -> 0 | AP33: =IF($W32*M33>150000,($W32*M33-150000)*6%*45%,0) -> 0 | ... AX33: =IF($W32*U33>150000,($W32*U33-150000)*6%*45%,0) -> 0
A34: =A32+1 -> 13 | B34: =IF(ISERROR(VLOOKUP(C34,일용직명단!$A$3:$I$104,2,FALSE())),0,VLOOKUP(C34,일용직명단!$A$3:$I$104,2,FALSE())) -> 0 | C34: 민백규 | D34: =IF(ISERROR(VLOOKUP(C34,일용직명단!$A$3:$K$1246,3,FALSE())),0,VLOOKUP(C34,일용직명단!$A$3:$K$1246,3,FALSE())) -> 600810-1386721 | E34: =IF(ISERROR(VLOOKUP(C34,일용직명단!$A$3:$K$1246,4,FALSE())),0,VLOOKUP(C34,일용직명단!$A$3:$K$1246,4,FALSE())) -> 충북 영동군 양강면 내만길 178-2 | O34: 1 | P34: 1 | R34: 1 | S34: 1 | T34: 1 | V34: =SUM(F34:U35) -> 7 | W34: =IF(ISERROR(VLOOKUP(C34,일용직명단!$A$3:$K$1246,8,FALSE())),0,VLOOKUP(C34,일용직명단!$A$3:$K$1246,8,FALSE())) -> 150000 | X34: =IFERROR(IF(AG34>=65,0,ROUNDDOWN(W35*$Z$4,-1)),0) -> 0 | Y34: =IF(AE34>=8,ROUNDDOWN(W35*$M$4,-1),0) -> 0 | Z34: =IFERROR(IF(AND(COUNT(F34:U35)>=8,$AG34<60,W35<=5530000),ROUNDDOWN(ROUNDDOWN(W35,-3)*4.5%,-1),IF(AND(COUNT(F34:U35)>=8,AG34<60,W35>5530000),248850,0)),0) -> 0 | AA34: =+X34+Y34+X35+Y35+Z34+Z35 -> 0 | AB34: =W35-AA34 -> 1050000 | AC34: =IF(ISERROR(VLOOKUP(C34,일용직명단!$A$3:$I$1226,5,FALSE())),0,VLOOKUP(C34,일용직명단!$A$3:$I$1226,5,FALSE())) -> 농협 | AD34: =IF(ISERROR(VLOOKUP(C34,일용직명단!$A$3:$I$1226,6,FALSE())),0,VLOOKUP(C34,일용직명단!$A$3:$I$1226,6,FALSE())) -> 민백규 | AE34: =COUNT(F34:U35) -> 7 | AF34: =IF(OR(MID(D34,8,1)="1",MID(D34,8,1)="2"),19&LEFT(D34,2),20&LEFT(D34,2))&"-"&MID(D34,3,2)&"-"&MID(D34,5,2) -> 1960-08-10 | AG34: =INT((TODAY()-AF34)/365.25) -> 65 | AH34: =ROUNDDOWN(SUM(AI34:AX35),-1) -> 0 | AI34: =IF($W34*F34>150000,($W34*F34-150000)*6%*45%,0) -> 0 | AJ34: =IF($W34*G34>150000,($W34*G34-150000)*6%*45%,0) -> 0 | AK34: =IF($W34*H34>150000,($W34*H34-150000)*6%*45%,0) -> 0 | AL34: =IF($W34*I34>150000,($W34*I34-150000)*6%*45%,0) -> 0 | AM34: =IF($W34*J34>150000,($W34*J34-150000)*6%*45%,0) -> 0 | AN34: =IF($W34*K34>150000,($W34*K34-150000)*6%*45%,0) -> 0 | AO34: =IF($W34*L34>150000,($W34*L34-150000)*6%*45%,0) -> 0 | AP34: =IF($W34*M34>150000,($W34*M34-150000)*6%*45%,0) -> 0 | ... AW34: =IF($W34*T34>150000,($W34*T34-150000)*6%*45%,0) -> 0 | AY34: =IF(ISERROR(VLOOKUP(C34,[26]일용직명단!$A$3:$M$1151,11,FALSE())),0,VLOOKUP(C34,[26]일용직명단!$A$3:$M$1151,11,FALSE())) -> 29157
E35: =IF(ISERROR(VLOOKUP(C34,일용직명단!$A$3:$K$1246,9,FALSE())),0,VLOOKUP(C34,일용직명단!$A$3:$K$1246,9,FALSE())) -> 010-7107-2693 | F35: 1 | G35: 1 | W35: =W34*V34 -> 1050000 | X35: =IF(AH34<1000,0,AH34) -> 0 | Y35: =ROUNDDOWN(X35*10%,-1) -> 0 | Z35: =IF(AE34>=8,ROUNDDOWN(Y34*$Q$4,-1),0) -> 0 | AC35: =IF(ISERROR(VLOOKUP(C34,일용직명단!$A$3:$I$1226,7,FALSE())),0,VLOOKUP(C34,일용직명단!$A$3:$I$1226,7,FALSE())) -> 453060-52-207611 | AI35: =IF($W34*F35>150000,($W34*F35-150000)*6%*45%,0) -> 0 | AJ35: =IF($W34*G35>150000,($W34*G35-150000)*6%*45%,0) -> 0 | AK35: =IF($W34*H35>150000,($W34*H35-150000)*6%*45%,0) -> 0 | AL35: =IF($W34*I35>150000,($W34*I35-150000)*6%*45%,0) -> 0 | AM35: =IF($W34*J35>150000,($W34*J35-150000)*6%*45%,0) -> 0 | AN35: =IF($W34*K35>150000,($W34*K35-150000)*6%*45%,0) -> 0 | AO35: =IF($W34*L35>150000,($W34*L35-150000)*6%*45%,0) -> 0 | AP35: =IF($W34*M35>150000,($W34*M35-150000)*6%*45%,0) -> 0 | ... AX35: =IF($W34*U35>150000,($W34*U35-150000)*6%*45%,0) -> 0
A36: =A34+1 -> 14 | C36: 김판수 | D36: =IF(ISERROR(VLOOKUP(C36,일용직명단!$A$3:$K$1246,3,FALSE())),0,VLOOKUP(C36,일용직명단!$A$3:$K$1246,3,FALSE())) -> 720402-1798516 | E36: =IF(ISERROR(VLOOKUP(C36,일용직명단!$A$3:$K$1246,4,FALSE())),0,VLOOKUP(C36,일용직명단!$A$3:$K$1246,4,FALSE())) -> 경북 칠곡군 북삼읍 인강9길 10, 101동 1212호(로얄아파트) | O36: 1 | P36: 1 | R36: 1 | S36: 1 | T36: 1 | V36: =SUM(F36:U37) -> 7 | W36: =IF(ISERROR(VLOOKUP(C36,일용직명단!$A$3:$K$1246,8,FALSE())),0,VLOOKUP(C36,일용직명단!$A$3:$K$1246,8,FALSE())) -> 150000 | X36: =IFERROR(IF(AG36>=65,0,ROUNDDOWN(W37*$Z$4,-1)),0) -> 9450 | Y36: =IF(AE36>=8,ROUNDDOWN(W37*$M$4,-1),0) -> 0 | Z36: =IFERROR(IF(AND(COUNT(F36:U37)>=8,$AG36<60,W37<=5530000),ROUNDDOWN(ROUNDDOWN(W37,-3)*4.5%,-1),IF(AND(COUNT(F36:U37)>=8,AG36<60,W37>5530000),248850,0)),0) -> 0 | AA36: =+X36+Y36+X37+Y37+Z36+Z37 -> 9450 | AB36: =W37-AA36 -> 1040550 | AC36: =IF(ISERROR(VLOOKUP(C36,일용직명단!$A$3:$I$1226,5,FALSE())),0,VLOOKUP(C36,일용직명단!$A$3:$I$1226,5,FALSE())) -> 농협 | AD36: =IF(ISERROR(VLOOKUP(C36,일용직명단!$A$3:$I$1226,6,FALSE())),0,VLOOKUP(C36,일용직명단!$A$3:$I$1226,6,FALSE())) -> 김판수 | AE36: =COUNT(F36:U37) -> 7 | AF36: =IF(OR(MID(D36,8,1)="1",MID(D36,8,1)="2"),19&LEFT(D36,2),20&LEFT(D36,2))&"-"&MID(D36,3,2)&"-"&MID(D36,5,2) -> 1972-04-02 | AG36: =INT((TODAY()-AF36)/365.25) -> 54 | AH36: =ROUNDDOWN(SUM(AI36:AX37),-1) -> 0 | AI36: =IF($W36*F36>150000,($W36*F36-150000)*6%*45%,0) -> 0 | AJ36: =IF($W36*G36>150000,($W36*G36-150000)*6%*45%,0) -> 0 | AK36: =IF($W36*H36>150000,($W36*H36-150000)*6%*45%,0) -> 0 | AL36: =IF($W36*I36>150000,($W36*I36-150000)*6%*45%,0) -> 0 | AM36: =IF($W36*J36>150000,($W36*J36-150000)*6%*45%,0) -> 0 | AN36: =IF($W36*K36>150000,($W36*K36-150000)*6%*45%,0) -> 0 | AO36: =IF($W36*L36>150000,($W36*L36-150000)*6%*45%,0) -> 0 | AP36: =IF($W36*M36>150000,($W36*M36-150000)*6%*45%,0) -> 0 | ... AW36: =IF($W36*T36>150000,($W36*T36-150000)*6%*45%,0) -> 0 | AY36: =IF(ISERROR(VLOOKUP(C36,[26]일용직명단!$A$3:$M$1151,11,FALSE())),0,VLOOKUP(C36,[26]일용직명단!$A$3:$M$1151,11,FALSE())) -> 0
E37: =IF(ISERROR(VLOOKUP(C36,일용직명단!$A$3:$K$1246,9,FALSE())),0,VLOOKUP(C36,일용직명단!$A$3:$K$1246,9,FALSE())) -> 010-7520-7708 | F37: 1 | G37: 1 | W37: =W36*V36 -> 1050000 | X37: =IF(AH36<1000,0,AH36) -> 0 | Y37: =ROUNDDOWN(X37*10%,-1) -> 0 | Z37: =IF(AE36>=8,ROUNDDOWN(Y36*$Q$4,-1),0) -> 0 | AC37: =IF(ISERROR(VLOOKUP(C36,일용직명단!$A$3:$I$1226,7,FALSE())),0,VLOOKUP(C36,일용직명단!$A$3:$I$1226,7,FALSE())) -> 735089-56-010696 | AI37: =IF($W36*F37>150000,($W36*F37-150000)*6%*45%,0) -> 0 | AJ37: =IF($W36*G37>150000,($W36*G37-150000)*6%*45%,0) -> 0 | AK37: =IF($W36*H37>150000,($W36*H37-150000)*6%*45%,0) -> 0 | AL37: =IF($W36*I37>150000,($W36*I37-150000)*6%*45%,0) -> 0 | AM37: =IF($W36*J37>150000,($W36*J37-150000)*6%*45%,0) -> 0 | AN37: =IF($W36*K37>150000,($W36*K37-150000)*6%*45%,0) -> 0 | AO37: =IF($W36*L37>150000,($W36*L37-150000)*6%*45%,0) -> 0 | AP37: =IF($W36*M37>150000,($W36*M37-150000)*6%*45%,0) -> 0 | ... AX37: =IF($W36*U37>150000,($W36*U37-150000)*6%*45%,0) -> 0
A38: =A36+1 -> 15 | B38: =IF(ISERROR(VLOOKUP(C38,일용직명단!$A$3:$I$104,2,FALSE())),0,VLOOKUP(C38,일용직명단!$A$3:$I$104,2,FALSE())) -> 0 | C38: 김환배 | D38: =IF(ISERROR(VLOOKUP(C38,일용직명단!$A$3:$K$1246,3,FALSE())),0,VLOOKUP(C38,일용직명단!$A$3:$K$1246,3,FALSE())) -> 530810-1057646 | E38: =IF(ISERROR(VLOOKUP(C38,일용직명단!$A$3:$K$1246,4,FALSE())),0,VLOOKUP(C38,일용직명단!$A$3:$K$1246,4,FALSE())) -> 충북 영동군 양강면 남전2안길 4-20 | O38: 1 | P38: 1 | R38: 1 | S38: 1 | T38: 1 | V38: =SUM(F38:U39) -> 7 | W38: =IF(ISERROR(VLOOKUP(C38,일용직명단!$A$3:$K$1246,8,FALSE())),0,VLOOKUP(C38,일용직명단!$A$3:$K$1246,8,FALSE())) -> 150000 | X38: =IFERROR(IF(AG38>=65,0,ROUNDDOWN(W39*$Z$4,-1)),0) -> 0 | Y38: =IF(AE38>=8,ROUNDDOWN(W39*$M$4,-1),0) -> 0 | Z38: =IFERROR(IF(AND(COUNT(F38:U39)>=8,$AG38<60,W39<=5530000),ROUNDDOWN(ROUNDDOWN(W39,-3)*4.5%,-1),IF(AND(COUNT(F38:U39)>=8,AG38<60,W39>5530000),248850,0)),0) -> 0 | AA38: =+X38+Y38+X39+Y39+Z38+Z39 -> 0 | AB38: =W39-AA38 -> 1050000 | AC38: =IF(ISERROR(VLOOKUP(C38,일용직명단!$A$3:$I$1226,5,FALSE())),0,VLOOKUP(C38,일용직명단!$A$3:$I$1226,5,FALSE())) -> 농협 | AD38: =IF(ISERROR(VLOOKUP(C38,일용직명단!$A$3:$I$1226,6,FALSE())),0,VLOOKUP(C38,일용직명단!$A$3:$I$1226,6,FALSE())) -> 김환배 | AE38: =COUNT(F38:U39) -> 7 | AF38: =IF(OR(MID(D38,8,1)="1",MID(D38,8,1)="2"),19&LEFT(D38,2),20&LEFT(D38,2))&"-"&MID(D38,3,2)&"-"&MID(D38,5,2) -> 1953-08-10 | AG38: =INT((TODAY()-AF38)/365.25) -> 72 | AH38: =ROUNDDOWN(SUM(AI38:AX39),-1) -> 0 | AI38: =IF($W38*F38>150000,($W38*F38-150000)*6%*45%,0) -> 0 | AJ38: =IF($W38*G38>150000,($W38*G38-150000)*6%*45%,0) -> 0 | AK38: =IF($W38*H38>150000,($W38*H38-150000)*6%*45%,0) -> 0 | AL38: =IF($W38*I38>150000,($W38*I38-150000)*6%*45%,0) -> 0 | AM38: =IF($W38*J38>150000,($W38*J38-150000)*6%*45%,0) -> 0 | AN38: =IF($W38*K38>150000,($W38*K38-150000)*6%*45%,0) -> 0 | AO38: =IF($W38*L38>150000,($W38*L38-150000)*6%*45%,0) -> 0 | AP38: =IF($W38*M38>150000,($W38*M38-150000)*6%*45%,0) -> 0 | ... AW38: =IF($W38*T38>150000,($W38*T38-150000)*6%*45%,0) -> 0 | AY38: =IF(ISERROR(VLOOKUP(C38,[26]일용직명단!$A$3:$M$1151,11,FALSE())),0,VLOOKUP(C38,[26]일용직명단!$A$3:$M$1151,11,FALSE())) -> 29155
E39: =IF(ISERROR(VLOOKUP(C38,일용직명단!$A$3:$K$1246,9,FALSE())),0,VLOOKUP(C38,일용직명단!$A$3:$K$1246,9,FALSE())) -> 010-5326-2934 | F39: 1 | G39: 1 | W39: =W38*V38 -> 1050000 | X39: =IF(AH38<1000,0,AH38) -> 0 | Y39: =ROUNDDOWN(X39*10%,-1) -> 0 | Z39: =IF(AE38>=8,ROUNDDOWN(Y38*$Q$4,-1),0) -> 0 | AC39: =IF(ISERROR(VLOOKUP(C38,일용직명단!$A$3:$I$1226,7,FALSE())),0,VLOOKUP(C38,일용직명단!$A$3:$I$1226,7,FALSE())) -> 352-0532-0302-03 | AI39: =IF($W38*F39>150000,($W38*F39-150000)*6%*45%,0) -> 0 | AJ39: =IF($W38*G39>150000,($W38*G39-150000)*6%*45%,0) -> 0 | AK39: =IF($W38*H39>150000,($W38*H39-150000)*6%*45%,0) -> 0 | AL39: =IF($W38*I39>150000,($W38*I39-150000)*6%*45%,0) -> 0 | AM39: =IF($W38*J39>150000,($W38*J39-150000)*6%*45%,0) -> 0 | AN39: =IF($W38*K39>150000,($W38*K39-150000)*6%*45%,0) -> 0 | AO39: =IF($W38*L39>150000,($W38*L39-150000)*6%*45%,0) -> 0 | AP39: =IF($W38*M39>150000,($W38*M39-150000)*6%*45%,0) -> 0 | ... AX39: =IF($W38*U39>150000,($W38*U39-150000)*6%*45%,0) -> 0
A40: =A38+1 -> 16 | C40: 정상천 | D40: =IF(ISERROR(VLOOKUP(C40,일용직명단!$A$3:$K$1246,3,FALSE())),0,VLOOKUP(C40,일용직명단!$A$3:$K$1246,3,FALSE())) -> 700705-1384813 | E40: =IF(ISERROR(VLOOKUP(C40,일용직명단!$A$3:$K$1246,4,FALSE())),0,VLOOKUP(C40,일용직명단!$A$3:$K$1246,4,FALSE())) -> 충북 청주시 상당구 중고개로248번길 52-1 | V40: =SUM(F40:U41) -> 10 | W40: =IF(ISERROR(VLOOKUP(C40,일용직명단!$A$3:$K$1246,8,FALSE())),0,VLOOKUP(C40,일용직명단!$A$3:$K$1246,8,FALSE())) -> 150000 | X40: =IFERROR(IF(AG40>=65,0,ROUNDDOWN(W41*$Z$4,-1)),0) -> 13500 | Y40: =IF(AE40>=8,ROUNDDOWN(W41*$M$4,-1),0) -> 53170 | Z40: =IFERROR(IF(AND(COUNT(F40:U41)>=8,$AG40<60,W41<=5530000),ROUNDDOWN(ROUNDDOWN(W41,-3)*4.5%,-1),IF(AND(COUNT(F40:U41)>=8,AG40<60,W41>5530000),248850,0)),0) -> 67500 | AA40: =+X40+Y40+X41+Y41+Z40+Z41 -> 137610 | AB40: =W41-AA40 -> 1362390 | AC40: =IF(ISERROR(VLOOKUP(C40,일용직명단!$A$3:$I$1226,5,FALSE())),0,VLOOKUP(C40,일용직명단!$A$3:$I$1226,5,FALSE())) -> 농협 | AD40: =IF(ISERROR(VLOOKUP(C40,일용직명단!$A$3:$I$1226,6,FALSE())),0,VLOOKUP(C40,일용직명단!$A$3:$I$1226,6,FALSE())) -> 정상천 | AE40: =COUNT(F40:U41) -> 10 | AF40: =IF(OR(MID(D40,8,1)="1",MID(D40,8,1)="2"),19&LEFT(D40,2),20&LEFT(D40,2))&"-"&MID(D40,3,2)&"-"&MID(D40,5,2) -> 1970-07-05 | AG40: =INT((TODAY()-AF40)/365.25) -> 55 | AH40: =ROUNDDOWN(SUM(AI40:AX41),-1) -> 0 | AI40: =IF($W40*F40>150000,($W40*F40-150000)*6%*45%,0) -> 0 | AJ40: =IF($W40*G40>150000,($W40*G40-150000)*6%*45%,0) -> 0 | AK40: =IF($W40*H40>150000,($W40*H40-150000)*6%*45%,0) -> 0 | AL40: =IF($W40*I40>150000,($W40*I40-150000)*6%*45%,0) -> 0 | AM40: =IF($W40*J40>150000,($W40*J40-150000)*6%*45%,0) -> 0 | AN40: =IF($W40*K40>150000,($W40*K40-150000)*6%*45%,0) -> 0 | AO40: =IF($W40*L40>150000,($W40*L40-150000)*6%*45%,0) -> 0 | AP40: =IF($W40*M40>150000,($W40*M40-150000)*6%*45%,0) -> 0 | ... AW40: =IF($W40*T40>150000,($W40*T40-150000)*6%*45%,0) -> 0 | AY40: =IF(ISERROR(VLOOKUP(C40,[26]일용직명단!$A$3:$M$1151,11,FALSE())),0,VLOOKUP(C40,[26]일용직명단!$A$3:$M$1151,11,FALSE())) -> 0
E41: =IF(ISERROR(VLOOKUP(C40,일용직명단!$A$3:$K$1246,9,FALSE())),0,VLOOKUP(C40,일용직명단!$A$3:$K$1246,9,FALSE())) -> 0 | J41: 1 | K41: 1 | L41: 1 | M41: 1 | N41: 1 | Q41: 1 | R41: 1 | S41: 1 | T41: 1 | U41: 1 | W41: =W40*V40 -> 1500000 | X41: =IF(AH40<1000,0,AH40) -> 0 | Y41: =ROUNDDOWN(X41*10%,-1) -> 0 | Z41: =IF(AE40>=8,ROUNDDOWN(Y40*$Q$4,-1),0) -> 3440 | AC41: =IF(ISERROR(VLOOKUP(C40,일용직명단!$A$3:$I$1226,7,FALSE())),0,VLOOKUP(C40,일용직명단!$A$3:$I$1226,7,FALSE())) -> 401120-52-051004 | AI41: =IF($W40*F41>150000,($W40*F41-150000)*6%*45%,0) -> 0 | AJ41: =IF($W40*G41>150000,($W40*G41-150000)*6%*45%,0) -> 0 | AK41: =IF($W40*H41>150000,($W40*H41-150000)*6%*45%,0) -> 0 | AL41: =IF($W40*I41>150000,($W40*I41-150000)*6%*45%,0) -> 0 | AM41: =IF($W40*J41>150000,($W40*J41-150000)*6%*45%,0) -> 0 | AN41: =IF($W40*K41>150000,($W40*K41-150000)*6%*45%,0) -> 0 | AO41: =IF($W40*L41>150000,($W40*L41-150000)*6%*45%,0) -> 0 | AP41: =IF($W40*M41>150000,($W40*M41-150000)*6%*45%,0) -> 0 | ... AX41: =IF($W40*U41>150000,($W40*U41-150000)*6%*45%,0) -> 0
A42: =A40+1 -> 17 | C42: 장인숙 | D42: =IF(ISERROR(VLOOKUP(C42,일용직명단!$A$3:$K$1246,3,FALSE())),0,VLOOKUP(C42,일용직명단!$A$3:$K$1246,3,FALSE())) -> 8102206-2332812 | E42: =IF(ISERROR(VLOOKUP(C42,일용직명단!$A$3:$K$1246,4,FALSE())),0,VLOOKUP(C42,일용직명단!$A$3:$K$1246,4,FALSE())) -> 충북 청주시 흥덕구 수곡로 74, 101동 714호 | V42: =SUM(F42:U43) -> 10 | W42: =IF(ISERROR(VLOOKUP(C42,일용직명단!$A$3:$K$1246,8,FALSE())),0,VLOOKUP(C42,일용직명단!$A$3:$K$1246,8,FALSE())) -> 250000 | X42: =IFERROR(IF(AG42>=65,0,ROUNDDOWN(W43*$Z$4,-1)),0) -> 22500 | Y42: =IF(AE42>=8,ROUNDDOWN(W43*$M$4,-1),0) -> 88620 | Z42: =IFERROR(IF(AND(COUNT(F42:U43)>=8,$AG42<60,W43<=5530000),ROUNDDOWN(ROUNDDOWN(W43,-3)*4.5%,-1),IF(AND(COUNT(F42:U43)>=8,AG42<60,W43>5530000),248850,0)),0) -> 112500 | AA42: =+X42+Y42+X43+Y43+Z42+Z43 -> 259050 | AB42: =W43-AA42 -> 2240950 | AC42: =IF(ISERROR(VLOOKUP(C42,일용직명단!$A$3:$I$1226,5,FALSE())),0,VLOOKUP(C42,일용직명단!$A$3:$I$1226,5,FALSE())) -> 신협 | AD42: =IF(ISERROR(VLOOKUP(C42,일용직명단!$A$3:$I$1226,6,FALSE())),0,VLOOKUP(C42,일용직명단!$A$3:$I$1226,6,FALSE())) -> 장인숙 | AE42: =COUNT(F42:U43) -> 10 | AF42: =IF(OR(MID(D42,8,1)="1",MID(D42,8,1)="2"),19&LEFT(D42,2),20&LEFT(D42,2))&"-"&MID(D42,3,2)&"-"&MID(D42,5,2) -> 2081-02-20 | AG42: =INT((TODAY()-AF42)/365.25) -> -55 | AH42: =ROUNDDOWN(SUM(AI42:AX43),-1) -> 27000 | AI42: =IF($W42*F42>150000,($W42*F42-150000)*6%*45%,0) -> 0 | AJ42: =IF($W42*G42>150000,($W42*G42-150000)*6%*45%,0) -> 0 | AK42: =IF($W42*H42>150000,($W42*H42-150000)*6%*45%,0) -> 0 | AL42: =IF($W42*I42>150000,($W42*I42-150000)*6%*45%,0) -> 0 | AM42: =IF($W42*J42>150000,($W42*J42-150000)*6%*45%,0) -> 0 | AN42: =IF($W42*K42>150000,($W42*K42-150000)*6%*45%,0) -> 0 | AO42: =IF($W42*L42>150000,($W42*L42-150000)*6%*45%,0) -> 0 | AP42: =IF($W42*M42>150000,($W42*M42-150000)*6%*45%,0) -> 0 | ... AW42: =IF($W42*T42>150000,($W42*T42-150000)*6%*45%,0) -> 0 | AY42: =IF(ISERROR(VLOOKUP(C42,[26]일용직명단!$A$3:$M$1151,11,FALSE())),0,VLOOKUP(C42,[26]일용직명단!$A$3:$M$1151,11,FALSE())) -> 0
E43: =IF(ISERROR(VLOOKUP(C42,일용직명단!$A$3:$K$1246,9,FALSE())),0,VLOOKUP(C42,일용직명단!$A$3:$K$1246,9,FALSE())) -> 0 | J43: 1 | K43: 1 | L43: 1 | M43: 1 | N43: 1 | Q43: 1 | R43: 1 | S43: 1 | T43: 1 | U43: 1 | W43: =W42*V42 -> 2500000 | X43: =IF(AH42<1000,0,AH42) -> 27000 | Y43: =ROUNDDOWN(X43*10%,-1) -> 2700 | Z43: =IF(AE42>=8,ROUNDDOWN(Y42*$Q$4,-1),0) -> 5730 | AC43: =IF(ISERROR(VLOOKUP(C42,일용직명단!$A$3:$I$1226,7,FALSE())),0,VLOOKUP(C42,일용직명단!$A$3:$I$1226,7,FALSE())) -> 132-033-152363 | AI43: =IF($W42*F43>150000,($W42*F43-150000)*6%*45%,0) -> 0 | AJ43: =IF($W42*G43>150000,($W42*G43-150000)*6%*45%,0) -> 0 | AK43: =IF($W42*H43>150000,($W42*H43-150000)*6%*45%,0) -> 0 | AL43: =IF($W42*I43>150000,($W42*I43-150000)*6%*45%,0) -> 0 | AM43: =IF($W42*J43>150000,($W42*J43-150000)*6%*45%,0) -> 2700 | AN43: =IF($W42*K43>150000,($W42*K43-150000)*6%*45%,0) -> 2700 | AO43: =IF($W42*L43>150000,($W42*L43-150000)*6%*45%,0) -> 2700 | AP43: =IF($W42*M43>150000,($W42*M43-150000)*6%*45%,0) -> 2700 | ... AX43: =IF($W42*U43>150000,($W42*U43-150000)*6%*45%,0) -> 2700
A44: =A42+1 -> 18 | C44: 이인순 | D44: =IF(ISERROR(VLOOKUP(C44,일용직명단!$A$3:$K$1246,3,FALSE())),0,VLOOKUP(C44,일용직명단!$A$3:$K$1246,3,FALSE())) -> 611223-2347932 | E44: =IF(ISERROR(VLOOKUP(C44,일용직명단!$A$3:$K$1246,4,FALSE())),0,VLOOKUP(C44,일용직명단!$A$3:$K$1246,4,FALSE())) -> 충북 청주시 상당구 남일면 효촌송정1길 44, 라동 202호(한림남일빌라) | V44: =SUM(F44:U45) -> 10 | W44: =IF(ISERROR(VLOOKUP(C44,일용직명단!$A$3:$K$1246,8,FALSE())),0,VLOOKUP(C44,일용직명단!$A$3:$K$1246,8,FALSE())) -> 250000 | X44: =IFERROR(IF(AG44>=65,0,ROUNDDOWN(W45*$Z$4,-1)),0) -> 22500 | Y44: =IF(AE44>=8,ROUNDDOWN(W45*$M$4,-1),0) -> 88620 | Z44: =IFERROR(IF(AND(COUNT(F44:U45)>=8,$AG44<60,W45<=5530000),ROUNDDOWN(ROUNDDOWN(W45,-3)*4.5%,-1),IF(AND(COUNT(F44:U45)>=8,AG44<60,W45>5530000),248850,0)),0) -> 0 | AA44: =+X44+Y44+X45+Y45+Z44+Z45 -> 146550 | AB44: =W45-AA44 -> 2353450 | AC44: =IF(ISERROR(VLOOKUP(C44,일용직명단!$A$3:$I$1226,5,FALSE())),0,VLOOKUP(C44,일용직명단!$A$3:$I$1226,5,FALSE())) -> 농협 | AD44: =IF(ISERROR(VLOOKUP(C44,일용직명단!$A$3:$I$1226,6,FALSE())),0,VLOOKUP(C44,일용직명단!$A$3:$I$1226,6,FALSE())) -> 이인순 | AE44: =COUNT(F44:U45) -> 10 | AF44: =IF(OR(MID(D44,8,1)="1",MID(D44,8,1)="2"),19&LEFT(D44,2),20&LEFT(D44,2))&"-"&MID(D44,3,2)&"-"&MID(D44,5,2) -> 1961-12-23 | AG44: =INT((TODAY()-AF44)/365.25) -> 64 | AH44: =ROUNDDOWN(SUM(AI44:AX45),-1) -> 27000 | AI44: =IF($W44*F44>150000,($W44*F44-150000)*6%*45%,0) -> 0 | AJ44: =IF($W44*G44>150000,($W44*G44-150000)*6%*45%,0) -> 0 | AK44: =IF($W44*H44>150000,($W44*H44-150000)*6%*45%,0) -> 0 | AL44: =IF($W44*I44>150000,($W44*I44-150000)*6%*45%,0) -> 0 | AM44: =IF($W44*J44>150000,($W44*J44-150000)*6%*45%,0) -> 0 | AN44: =IF($W44*K44>150000,($W44*K44-150000)*6%*45%,0) -> 0 | AO44: =IF($W44*L44>150000,($W44*L44-150000)*6%*45%,0) -> 0 | AP44: =IF($W44*M44>150000,($W44*M44-150000)*6%*45%,0) -> 0 | ... AW44: =IF($W44*T44>150000,($W44*T44-150000)*6%*45%,0) -> 0 | AY44: =IF(ISERROR(VLOOKUP(C44,[26]일용직명단!$A$3:$M$1151,11,FALSE())),0,VLOOKUP(C44,[26]일용직명단!$A$3:$M$1151,11,FALSE())) -> 0
E45: =IF(ISERROR(VLOOKUP(C44,일용직명단!$A$3:$K$1246,9,FALSE())),0,VLOOKUP(C44,일용직명단!$A$3:$K$1246,9,FALSE())) -> 0 | J45: 1 | K45: 1 | L45: 1 | M45: 1 | N45: 1 | Q45: 1 | R45: 1 | S45: 1 | T45: 1 | U45: 1 | W45: =W44*V44 -> 2500000 | X45: =IF(AH44<1000,0,AH44) -> 27000 | Y45: =ROUNDDOWN(X45*10%,-1) -> 2700 | Z45: =IF(AE44>=8,ROUNDDOWN(Y44*$Q$4,-1),0) -> 5730 | AC45: =IF(ISERROR(VLOOKUP(C44,일용직명단!$A$3:$I$1226,7,FALSE())),0,VLOOKUP(C44,일용직명단!$A$3:$I$1226,7,FALSE())) -> 352-1890-9969-73 | AI45: =IF($W44*F45>150000,($W44*F45-150000)*6%*45%,0) -> 0 | AJ45: =IF($W44*G45>150000,($W44*G45-150000)*6%*45%,0) -> 0 | AK45: =IF($W44*H45>150000,($W44*H45-150000)*6%*45%,0) -> 0 | AL45: =IF($W44*I45>150000,($W44*I45-150000)*6%*45%,0) -> 0 | AM45: =IF($W44*J45>150000,($W44*J45-150000)*6%*45%,0) -> 2700 | AN45: =IF($W44*K45>150000,($W44*K45-150000)*6%*45%,0) -> 2700 | AO45: =IF($W44*L45>150000,($W44*L45-150000)*6%*45%,0) -> 2700 | AP45: =IF($W44*M45>150000,($W44*M45-150000)*6%*45%,0) -> 2700 | ... AX45: =IF($W44*U45>150000,($W44*U45-150000)*6%*45%,0) -> 2700
A46: =A44+1 -> 19 | B46: =IF(ISERROR(VLOOKUP(C46,일용직명단!$A$3:$I$104,2,FALSE())),0,VLOOKUP(C46,일용직명단!$A$3:$I$104,2,FALSE())) -> 0 | C46: 신현진 | D46: =IF(ISERROR(VLOOKUP(C46,일용직명단!$A$3:$K$1246,3,FALSE())),0,VLOOKUP(C46,일용직명단!$A$3:$K$1246,3,FALSE())) -> 631106-2388320 | E46: =IF(ISERROR(VLOOKUP(C46,일용직명단!$A$3:$K$1246,4,FALSE())),0,VLOOKUP(C46,일용직명단!$A$3:$K$1246,4,FALSE())) -> 충북 청주시 흥덕구 1순환로513번길 33, 103동 106호(신봉동, 삼정백조@) | V46: =SUM(F46:U47) -> 10 | W46: =IF(ISERROR(VLOOKUP(C46,일용직명단!$A$3:$K$1246,8,FALSE())),0,VLOOKUP(C46,일용직명단!$A$3:$K$1246,8,FALSE())) -> 250000 | X46: =IFERROR(IF(AG46>=65,0,ROUNDDOWN(W47*$Z$4,-1)),0) -> 22500 | Y46: =IF(AE46>=8,ROUNDDOWN(W47*$M$4,-1),0) -> 88620 | Z46: =IFERROR(IF(AND(COUNT(F46:U47)>=8,$AG46<60,W47<=5530000),ROUNDDOWN(ROUNDDOWN(W47,-3)*4.5%,-1),IF(AND(COUNT(F46:U47)>=8,AG46<60,W47>5530000),248850,0)),0) -> 0 | AA46: =+X46+Y46+X47+Y47+Z46+Z47 -> 146550 | AB46: =W47-AA46 -> 2353450 | AC46: =IF(ISERROR(VLOOKUP(C46,일용직명단!$A$3:$I$1226,5,FALSE())),0,VLOOKUP(C46,일용직명단!$A$3:$I$1226,5,FALSE())) -> 신한 | AD46: =IF(ISERROR(VLOOKUP(C46,일용직명단!$A$3:$I$1226,6,FALSE())),0,VLOOKUP(C46,일용직명단!$A$3:$I$1226,6,FALSE())) -> 신현진 | AE46: =COUNT(F46:U47) -> 10 | AF46: =IF(OR(MID(D46,8,1)="1",MID(D46,8,1)="2"),19&LEFT(D46,2),20&LEFT(D46,2))&"-"&MID(D46,3,2)&"-"&MID(D46,5,2) -> 1963-11-06 | AG46: =INT((TODAY()-AF46)/365.25) -> 62 | AH46: =ROUNDDOWN(SUM(AI46:AX47),-1) -> 27000 | AI46: =IF($W46*F46>150000,($W46*F46-150000)*6%*45%,0) -> 0 | AJ46: =IF($W46*G46>150000,($W46*G46-150000)*6%*45%,0) -> 0 | AK46: =IF($W46*H46>150000,($W46*H46-150000)*6%*45%,0) -> 0 | AL46: =IF($W46*I46>150000,($W46*I46-150000)*6%*45%,0) -> 0 | AM46: =IF($W46*J46>150000,($W46*J46-150000)*6%*45%,0) -> 0 | AN46: =IF($W46*K46>150000,($W46*K46-150000)*6%*45%,0) -> 0 | AO46: =IF($W46*L46>150000,($W46*L46-150000)*6%*45%,0) -> 0 | AP46: =IF($W46*M46>150000,($W46*M46-150000)*6%*45%,0) -> 0 | ... AW46: =IF($W46*T46>150000,($W46*T46-150000)*6%*45%,0) -> 0 | AY46: =IF(ISERROR(VLOOKUP(C46,[26]일용직명단!$A$3:$M$1151,11,FALSE())),0,VLOOKUP(C46,[26]일용직명단!$A$3:$M$1151,11,FALSE())) -> 0
E47: =IF(ISERROR(VLOOKUP(C46,일용직명단!$A$3:$K$1246,9,FALSE())),0,VLOOKUP(C46,일용직명단!$A$3:$K$1246,9,FALSE())) -> 0 | J47: 1 | K47: 1 | L47: 1 | M47: 1 | N47: 1 | Q47: 1 | R47: 1 | S47: 1 | T47: 1 | U47: 1 | W47: =W46*V46 -> 2500000 | X47: =IF(AH46<1000,0,AH46) -> 27000 | Y47: =ROUNDDOWN(X47*10%,-1) -> 2700 | Z47: =IF(AE46>=8,ROUNDDOWN(Y46*$Q$4,-1),0) -> 5730 | AC47: =IF(ISERROR(VLOOKUP(C46,일용직명단!$A$3:$I$1226,7,FALSE())),0,VLOOKUP(C46,일용직명단!$A$3:$I$1226,7,FALSE())) -> 110-120-158736 | AI47: =IF($W46*F47>150000,($W46*F47-150000)*6%*45%,0) -> 0 | AJ47: =IF($W46*G47>150000,($W46*G47-150000)*6%*45%,0) -> 0 | AK47: =IF($W46*H47>150000,($W46*H47-150000)*6%*45%,0) -> 0 | AL47: =IF($W46*I47>150000,($W46*I47-150000)*6%*45%,0) -> 0 | AM47: =IF($W46*J47>150000,($W46*J47-150000)*6%*45%,0) -> 2700 | AN47: =IF($W46*K47>150000,($W46*K47-150000)*6%*45%,0) -> 2700 | AO47: =IF($W46*L47>150000,($W46*L47-150000)*6%*45%,0) -> 2700 | AP47: =IF($W46*M47>150000,($W46*M47-150000)*6%*45%,0) -> 2700 | ... AX47: =IF($W46*U47>150000,($W46*U47-150000)*6%*45%,0) -> 2700
A48: =A46+1 -> 20 | B48: =IF(ISERROR(VLOOKUP(C48,일용직명단!$A$3:$I$104,2,FALSE())),0,VLOOKUP(C48,일용직명단!$A$3:$I$104,2,FALSE())) -> 0 | C48: 김성옥 | D48: =IF(ISERROR(VLOOKUP(C48,일용직명단!$A$3:$K$1246,3,FALSE())),0,VLOOKUP(C48,일용직명단!$A$3:$K$1246,3,FALSE())) -> 580905-1647943 | E48: =IF(ISERROR(VLOOKUP(C48,일용직명단!$A$3:$K$1246,4,FALSE())),0,VLOOKUP(C48,일용직명단!$A$3:$K$1246,4,FALSE())) -> 충북 옥천군 군서면 하동3길 65 | R48: 1 | S48: 1 | T48: 1 | V48: =SUM(F48:U49) -> 7 | W48: =IF(ISERROR(VLOOKUP(C48,일용직명단!$A$3:$K$1246,8,FALSE())),0,VLOOKUP(C48,일용직명단!$A$3:$K$1246,8,FALSE())) -> 200000 | X48: =IFERROR(IF(AG48>=65,0,ROUNDDOWN(W49*$Z$4,-1)),0) -> 0 | Y48: =IF(AE48>=8,ROUNDDOWN(W49*$M$4,-1),0) -> 0 | Z48: =IFERROR(IF(AND(COUNT(F48:U49)>=8,$AG48<60,W49<=5530000),ROUNDDOWN(ROUNDDOWN(W49,-3)*4.5%,-1),IF(AND(COUNT(F48:U49)>=8,AG48<60,W49>5530000),248850,0)),0) -> 0 | AA48: =+X48+Y48+X49+Y49+Z48+Z49 -> 10390 | AB48: =W49-AA48 -> 1389610 | AC48: =IF(ISERROR(VLOOKUP(C48,일용직명단!$A$3:$I$1226,5,FALSE())),0,VLOOKUP(C48,일용직명단!$A$3:$I$1226,5,FALSE())) -> 농협 | AD48: =IF(ISERROR(VLOOKUP(C48,일용직명단!$A$3:$I$1226,6,FALSE())),0,VLOOKUP(C48,일용직명단!$A$3:$I$1226,6,FALSE())) -> 김성옥 | AE48: =COUNT(F48:U49) -> 7 | AF48: =IF(OR(MID(D48,8,1)="1",MID(D48,8,1)="2"),19&LEFT(D48,2),20&LEFT(D48,2))&"-"&MID(D48,3,2)&"-"&MID(D48,5,2) -> 1958-09-05 | AG48: =INT((TODAY()-AF48)/365.25) -> 67 | AH48: =ROUNDDOWN(SUM(AI48:AX49),-1) -> 9450 | AI48: =IF($W48*F48>150000,($W48*F48-150000)*6%*45%,0) -> 0 | AJ48: =IF($W48*G48>150000,($W48*G48-150000)*6%*45%,0) -> 0 | AK48: =IF($W48*H48>150000,($W48*H48-150000)*6%*45%,0) -> 0 | AL48: =IF($W48*I48>150000,($W48*I48-150000)*6%*45%,0) -> 0 | AM48: =IF($W48*J48>150000,($W48*J48-150000)*6%*45%,0) -> 0 | AN48: =IF($W48*K48>150000,($W48*K48-150000)*6%*45%,0) -> 0 | AO48: =IF($W48*L48>150000,($W48*L48-150000)*6%*45%,0) -> 0 | AP48: =IF($W48*M48>150000,($W48*M48-150000)*6%*45%,0) -> 0 | ... AW48: =IF($W48*T48>150000,($W48*T48-150000)*6%*45%,0) -> 1350 | AY48: =IF(ISERROR(VLOOKUP(C48,[26]일용직명단!$A$3:$M$1151,11,FALSE())),0,VLOOKUP(C48,[26]일용직명단!$A$3:$M$1151,11,FALSE())) -> 0
E49: =IF(ISERROR(VLOOKUP(C48,일용직명단!$A$3:$K$1246,9,FALSE())),0,VLOOKUP(C48,일용직명단!$A$3:$K$1246,9,FALSE())) -> 010-4931-8698 | F49: 1 | G49: 1 | H49: 1 | J49: 1 | W49: =W48*V48 -> 1400000 | X49: =IF(AH48<1000,0,AH48) -> 9450 | Y49: =ROUNDDOWN(X49*10%,-1) -> 940 | Z49: =IF(AE48>=8,ROUNDDOWN(Y48*$Q$4,-1),0) -> 0 | AC49: =IF(ISERROR(VLOOKUP(C48,일용직명단!$A$3:$I$1226,7,FALSE())),0,VLOOKUP(C48,일용직명단!$A$3:$I$1226,7,FALSE())) -> 317-12-395271 | AI49: =IF($W48*F49>150000,($W48*F49-150000)*6%*45%,0) -> 1350 | AJ49: =IF($W48*G49>150000,($W48*G49-150000)*6%*45%,0) -> 1350 | AK49: =IF($W48*H49>150000,($W48*H49-150000)*6%*45%,0) -> 1350 | AL49: =IF($W48*I49>150000,($W48*I49-150000)*6%*45%,0) -> 0 | AM49: =IF($W48*J49>150000,($W48*J49-150000)*6%*45%,0) -> 1350 | AN49: =IF($W48*K49>150000,($W48*K49-150000)*6%*45%,0) -> 0 | AO49: =IF($W48*L49>150000,($W48*L49-150000)*6%*45%,0) -> 0 | AP49: =IF($W48*M49>150000,($W48*M49-150000)*6%*45%,0) -> 0 | ... AX49: =IF($W48*U49>150000,($W48*U49-150000)*6%*45%,0) -> 0
A50: =A48+1 -> 21 | C50: 박찬식 | D50: =IF(ISERROR(VLOOKUP(C50,일용직명단!$A$3:$K$1246,3,FALSE())),0,VLOOKUP(C50,일용직명단!$A$3:$K$1246,3,FALSE())) -> 650110-1384724 | E50: =IF(ISERROR(VLOOKUP(C50,일용직명단!$A$3:$K$1246,4,FALSE())),0,VLOOKUP(C50,일용직명단!$A$3:$K$1246,4,FALSE())) -> 0 | R50: 1 | S50: 1 | T50: 1 | V50: =SUM(F50:U51) -> 7 | W50: =IF(ISERROR(VLOOKUP(C50,일용직명단!$A$3:$K$1246,8,FALSE())),0,VLOOKUP(C50,일용직명단!$A$3:$K$1246,8,FALSE())) -> 200000 | X50: =IFERROR(IF(AG50>=65,0,ROUNDDOWN(W51*$Z$4,-1)),0) -> 12600 | Y50: =IF(AE50>=8,ROUNDDOWN(W51*$M$4,-1),0) -> 0 | Z50: =IFERROR(IF(AND(COUNT(F50:U51)>=8,$AG50<60,W51<=5530000),ROUNDDOWN(ROUNDDOWN(W51,-3)*4.5%,-1),IF(AND(COUNT(F50:U51)>=8,AG50<60,W51>5530000),248850,0)),0) -> 0 | AA50: =+X50+Y50+X51+Y51+Z50+Z51 -> 22990 | AB50: =W51-AA50 -> 1377010 | AC50: =IF(ISERROR(VLOOKUP(C50,일용직명단!$A$3:$I$1226,5,FALSE())),0,VLOOKUP(C50,일용직명단!$A$3:$I$1226,5,FALSE())) -> 농협 | AD50: =IF(ISERROR(VLOOKUP(C50,일용직명단!$A$3:$I$1226,6,FALSE())),0,VLOOKUP(C50,일용직명단!$A$3:$I$1226,6,FALSE())) -> 박찬식 | AE50: =COUNT(F50:U51) -> 7 | AF50: =IF(OR(MID(D50,8,1)="1",MID(D50,8,1)="2"),19&LEFT(D50,2),20&LEFT(D50,2))&"-"&MID(D50,3,2)&"-"&MID(D50,5,2) -> 1965-01-10 | AG50: =INT((TODAY()-AF50)/365.25) -> 61 | AH50: =ROUNDDOWN(SUM(AI50:AX51),-1) -> 9450 | AI50: =IF($W50*F50>150000,($W50*F50-150000)*6%*45%,0) -> 0 | AJ50: =IF($W50*G50>150000,($W50*G50-150000)*6%*45%,0) -> 0 | AK50: =IF($W50*H50>150000,($W50*H50-150000)*6%*45%,0) -> 0 | AL50: =IF($W50*I50>150000,($W50*I50-150000)*6%*45%,0) -> 0 | AM50: =IF($W50*J50>150000,($W50*J50-150000)*6%*45%,0) -> 0 | AN50: =IF($W50*K50>150000,($W50*K50-150000)*6%*45%,0) -> 0 | AO50: =IF($W50*L50>150000,($W50*L50-150000)*6%*45%,0) -> 0 | AP50: =IF($W50*M50>150000,($W50*M50-150000)*6%*45%,0) -> 0 | ... AW50: =IF($W50*T50>150000,($W50*T50-150000)*6%*45%,0) -> 1350 | AY50: =IF(ISERROR(VLOOKUP(C50,[26]일용직명단!$A$3:$M$1151,11,FALSE())),0,VLOOKUP(C50,[26]일용직명단!$A$3:$M$1151,11,FALSE())) -> 0
E51: =IF(ISERROR(VLOOKUP(C50,일용직명단!$A$3:$K$1246,9,FALSE())),0,VLOOKUP(C50,일용직명단!$A$3:$K$1246,9,FALSE())) -> 0 | F51: 1 | G51: 1 | H51: 1 | J51: 1 | W51: =W50*V50 -> 1400000 | X51: =IF(AH50<1000,0,AH50) -> 9450 | Y51: =ROUNDDOWN(X51*10%,-1) -> 940 | Z51: =IF(AE50>=8,ROUNDDOWN(Y50*$Q$4,-1),0) -> 0 | AC51: =IF(ISERROR(VLOOKUP(C50,일용직명단!$A$3:$I$1226,7,FALSE())),0,VLOOKUP(C50,일용직명단!$A$3:$I$1226,7,FALSE())) -> 351-0712-9127-83 | AI51: =IF($W50*F51>150000,($W50*F51-150000)*6%*45%,0) -> 1350 | AJ51: =IF($W50*G51>150000,($W50*G51-150000)*6%*45%,0) -> 1350 | AK51: =IF($W50*H51>150000,($W50*H51-150000)*6%*45%,0) -> 1350 | AL51: =IF($W50*I51>150000,($W50*I51-150000)*6%*45%,0) -> 0 | AM51: =IF($W50*J51>150000,($W50*J51-150000)*6%*45%,0) -> 1350 | AN51: =IF($W50*K51>150000,($W50*K51-150000)*6%*45%,0) -> 0 | AO51: =IF($W50*L51>150000,($W50*L51-150000)*6%*45%,0) -> 0 | AP51: =IF($W50*M51>150000,($W50*M51-150000)*6%*45%,0) -> 0 | ... AX51: =IF($W50*U51>150000,($W50*U51-150000)*6%*45%,0) -> 0
A52: =A50+1 -> 22 | B52: =IF(ISERROR(VLOOKUP(C52,일용직명단!$A$3:$I$104,2,FALSE())),0,VLOOKUP(C52,일용직명단!$A$3:$I$104,2,FALSE())) -> 0 | C52: 이선임 | D52: =IF(ISERROR(VLOOKUP(C52,일용직명단!$A$3:$K$1246,3,FALSE())),0,VLOOKUP(C52,일용직명단!$A$3:$K$1246,3,FALSE())) -> 600721-2455614 | E52: =IF(ISERROR(VLOOKUP(C52,일용직명단!$A$3:$K$1246,4,FALSE())),0,VLOOKUP(C52,일용직명단!$A$3:$K$1246,4,FALSE())) -> 충북 옥천군 군서면 하동3길 65 | R52: 1 | S52: 1 | T52: 1 | V52: =SUM(F52:U53) -> 7 | W52: =IF(ISERROR(VLOOKUP(C52,일용직명단!$A$3:$K$1246,8,FALSE())),0,VLOOKUP(C52,일용직명단!$A$3:$K$1246,8,FALSE())) -> 200000 | X52: =IFERROR(IF(AG52>=65,0,ROUNDDOWN(W53*$Z$4,-1)),0) -> 0 | Y52: =IF(AE52>=8,ROUNDDOWN(W53*$M$4,-1),0) -> 0 | Z52: =IFERROR(IF(AND(COUNT(F52:U53)>=8,$AG52<60,W53<=5530000),ROUNDDOWN(ROUNDDOWN(W53,-3)*4.5%,-1),IF(AND(COUNT(F52:U53)>=8,AG52<60,W53>5530000),248850,0)),0) -> 0 | AA52: =+X52+Y52+X53+Y53+Z52+Z53 -> 10390 | AB52: =W53-AA52 -> 1389610 | AC52: =IF(ISERROR(VLOOKUP(C52,일용직명단!$A$3:$I$1226,5,FALSE())),0,VLOOKUP(C52,일용직명단!$A$3:$I$1226,5,FALSE())) -> 농협 | AD52: =IF(ISERROR(VLOOKUP(C52,일용직명단!$A$3:$I$1226,6,FALSE())),0,VLOOKUP(C52,일용직명단!$A$3:$I$1226,6,FALSE())) -> 이선임 | AE52: =COUNT(F52:U53) -> 7 | AF52: =IF(OR(MID(D52,8,1)="1",MID(D52,8,1)="2"),19&LEFT(D52,2),20&LEFT(D52,2))&"-"&MID(D52,3,2)&"-"&MID(D52,5,2) -> 1960-07-21 | AG52: =INT((TODAY()-AF52)/365.25) -> 65 | AH52: =ROUNDDOWN(SUM(AI52:AX53),-1) -> 9450 | AI52: =IF($W52*F52>150000,($W52*F52-150000)*6%*45%,0) -> 0 | AJ52: =IF($W52*G52>150000,($W52*G52-150000)*6%*45%,0) -> 0 | AK52: =IF($W52*H52>150000,($W52*H52-150000)*6%*45%,0) -> 0 | AL52: =IF($W52*I52>150000,($W52*I52-150000)*6%*45%,0) -> 0 | AM52: =IF($W52*J52>150000,($W52*J52-150000)*6%*45%,0) -> 0 | AN52: =IF($W52*K52>150000,($W52*K52-150000)*6%*45%,0) -> 0 | AO52: =IF($W52*L52>150000,($W52*L52-150000)*6%*45%,0) -> 0 | AP52: =IF($W52*M52>150000,($W52*M52-150000)*6%*45%,0) -> 0 | ... AW52: =IF($W52*T52>150000,($W52*T52-150000)*6%*45%,0) -> 1350 | AY52: =IF(ISERROR(VLOOKUP(C52,[26]일용직명단!$A$3:$M$1151,11,FALSE())),0,VLOOKUP(C52,[26]일용직명단!$A$3:$M$1151,11,FALSE())) -> 0
E53: =IF(ISERROR(VLOOKUP(C52,일용직명단!$A$3:$K$1246,9,FALSE())),0,VLOOKUP(C52,일용직명단!$A$3:$K$1246,9,FALSE())) -> 010-9407-6599 | F53: 1 | G53: 1 | H53: 1 | J53: 1 | W53: =W52*V52 -> 1400000 | X53: =IF(AH52<1000,0,AH52) -> 9450 | Y53: =ROUNDDOWN(X53*10%,-1) -> 940 | Z53: =IF(AE52>=8,ROUNDDOWN(Y52*$Q$4,-1),0) -> 0 | AC53: =IF(ISERROR(VLOOKUP(C52,일용직명단!$A$3:$I$1226,7,FALSE())),0,VLOOKUP(C52,일용직명단!$A$3:$I$1226,7,FALSE())) -> 405010-52-279308 | AI53: =IF($W52*F53>150000,($W52*F53-150000)*6%*45%,0) -> 1350 | AJ53: =IF($W52*G53>150000,($W52*G53-150000)*6%*45%,0) -> 1350 | AK53: =IF($W52*H53>150000,($W52*H53-150000)*6%*45%,0) -> 1350 | AL53: =IF($W52*I53>150000,($W52*I53-150000)*6%*45%,0) -> 0 | AM53: =IF($W52*J53>150000,($W52*J53-150000)*6%*45%,0) -> 1350 | AN53: =IF($W52*K53>150000,($W52*K53-150000)*6%*45%,0) -> 0 | AO53: =IF($W52*L53>150000,($W52*L53-150000)*6%*45%,0) -> 0 | AP53: =IF($W52*M53>150000,($W52*M53-150000)*6%*45%,0) -> 0 | ... AX53: =IF($W52*U53>150000,($W52*U53-150000)*6%*45%,0) -> 0
A54: =A52+1 -> 23 | B54: =IF(ISERROR(VLOOKUP(C54,일용직명단!$A$3:$I$104,2,FALSE())),0,VLOOKUP(C54,일용직명단!$A$3:$I$104,2,FALSE())) -> 0 | C54: 심종섭 | D54: =IF(ISERROR(VLOOKUP(C54,일용직명단!$A$3:$K$1246,3,FALSE())),0,VLOOKUP(C54,일용직명단!$A$3:$K$1246,3,FALSE())) -> 730108-1148320 | E54: =IF(ISERROR(VLOOKUP(C54,일용직명단!$A$3:$K$1246,4,FALSE())),0,VLOOKUP(C54,일용직명단!$A$3:$K$1246,4,FALSE())) -> 충북 영동군 양강면 마포2길 8 | V54: =SUM(F54:U55) -> 9.5 | W54: =IF(ISERROR(VLOOKUP(C54,일용직명단!$A$3:$K$1246,8,FALSE())),0,VLOOKUP(C54,일용직명단!$A$3:$K$1246,8,FALSE())) -> 170000 | X54: =IFERROR(IF(AG54>=65,0,ROUNDDOWN(W55*$Z$4,-1)),0) -> 14530 | Y54: =IF(AE54>=8,ROUNDDOWN(W55*$M$4,-1),0) -> 57250 | Z54: =IFERROR(IF(AND(COUNT(F54:U55)>=8,$AG54<60,W55<=5530000),ROUNDDOWN(ROUNDDOWN(W55,-3)*4.5%,-1),IF(AND(COUNT(F54:U55)>=8,AG54<60,W55>5530000),248850,0)),0) -> 72670 | AA54: =+X54+Y54+X55+Y55+Z54+Z55 -> 153490 | AB54: =W55-AA54 -> 1461510 | AC54: =IF(ISERROR(VLOOKUP(C54,일용직명단!$A$3:$I$1226,5,FALSE())),0,VLOOKUP(C54,일용직명단!$A$3:$I$1226,5,FALSE())) -> 농협 | AD54: =IF(ISERROR(VLOOKUP(C54,일용직명단!$A$3:$I$1226,6,FALSE())),0,VLOOKUP(C54,일용직명단!$A$3:$I$1226,6,FALSE())) -> 심종섭 | AE54: =COUNT(F54:U55) -> 10 | AF54: =IF(OR(MID(D54,8,1)="1",MID(D54,8,1)="2"),19&LEFT(D54,2),20&LEFT(D54,2))&"-"&MID(D54,3,2)&"-"&MID(D54,5,2) -> 1973-01-08 | AG54: =INT((TODAY()-AF54)/365.25) -> 53 | AH54: =ROUNDDOWN(SUM(AI54:AX55),-1) -> 4860 | AI54: =IF($W54*F54>150000,($W54*F54-150000)*6%*45%,0) -> 0 | AJ54: =IF($W54*G54>150000,($W54*G54-150000)*6%*45%,0) -> 0 | AK54: =IF($W54*H54>150000,($W54*H54-150000)*6%*45%,0) -> 0 | AL54: =IF($W54*I54>150000,($W54*I54-150000)*6%*45%,0) -> 0 | AM54: =IF($W54*J54>150000,($W54*J54-150000)*6%*45%,0) -> 0 | AN54: =IF($W54*K54>150000,($W54*K54-150000)*6%*45%,0) -> 0 | AO54: =IF($W54*L54>150000,($W54*L54-150000)*6%*45%,0) -> 0 | AP54: =IF($W54*M54>150000,($W54*M54-150000)*6%*45%,0) -> 0 | ... AW54: =IF($W54*T54>150000,($W54*T54-150000)*6%*45%,0) -> 0 | AY54: =IF(ISERROR(VLOOKUP(C54,[26]일용직명단!$A$3:$M$1151,11,FALSE())),0,VLOOKUP(C54,[26]일용직명단!$A$3:$M$1151,11,FALSE())) -> 0
E55: =IF(ISERROR(VLOOKUP(C54,일용직명단!$A$3:$K$1246,9,FALSE())),0,VLOOKUP(C54,일용직명단!$A$3:$K$1246,9,FALSE())) -> 010-2304-8648 | F55: 1 | G55: 1 | J55: 1 | K55: 1 | L55: 1 | M55: 1 | N55: 0.5 | R55: 1 | S55: 1 | T55: 1 | W55: =W54*V54 -> 1615000 | X55: =IF(AH54<1000,0,AH54) -> 4860 | Y55: =ROUNDDOWN(X55*10%,-1) -> 480 | Z55: =IF(AE54>=8,ROUNDDOWN(Y54*$Q$4,-1),0) -> 3700 | AC55: =IF(ISERROR(VLOOKUP(C54,일용직명단!$A$3:$I$1226,7,FALSE())),0,VLOOKUP(C54,일용직명단!$A$3:$I$1226,7,FALSE())) -> 352-1213-5051-73 | AI55: =IF($W54*F55>150000,($W54*F55-150000)*6%*45%,0) -> 540 | AJ55: =IF($W54*G55>150000,($W54*G55-150000)*6%*45%,0) -> 540 | AK55: =IF($W54*H55>150000,($W54*H55-150000)*6%*45%,0) -> 0 | AL55: =IF($W54*I55>150000,($W54*I55-150000)*6%*45%,0) -> 0 | AM55: =IF($W54*J55>150000,($W54*J55-150000)*6%*45%,0) -> 540 | AN55: =IF($W54*K55>150000,($W54*K55-150000)*6%*45%,0) -> 540 | AO55: =IF($W54*L55>150000,($W54*L55-150000)*6%*45%,0) -> 540 | AP55: =IF($W54*M55>150000,($W54*M55-150000)*6%*45%,0) -> 540 | ... AX55: =IF($W54*U55>150000,($W54*U55-150000)*6%*45%,0) -> 0
A56: =A54+1 -> 24 | B56: =IF(ISERROR(VLOOKUP(C56,일용직명단!$A$3:$I$104,2,FALSE())),0,VLOOKUP(C56,일용직명단!$A$3:$I$104,2,FALSE())) -> 0 | C56: 장경훈 | D56: =IF(ISERROR(VLOOKUP(C56,일용직명단!$A$3:$K$1246,3,FALSE())),0,VLOOKUP(C56,일용직명단!$A$3:$K$1246,3,FALSE())) -> 540710-1332822 | E56: =IF(ISERROR(VLOOKUP(C56,일용직명단!$A$3:$K$1246,4,FALSE())),0,VLOOKUP(C56,일용직명단!$A$3:$K$1246,4,FALSE())) -> 충북 청주시 서원구 수곡로27번길 40, (수곡동) | M56: 1 | N56: 1 | O56: 1 | V56: =SUM(F56:U57) -> 10 | W56: =IF(ISERROR(VLOOKUP(C56,일용직명단!$A$3:$K$1246,8,FALSE())),0,VLOOKUP(C56,일용직명단!$A$3:$K$1246,8,FALSE())) -> 150000 | X56: =IFERROR(IF(AG56>=65,0,ROUNDDOWN(W57*$Z$4,-1)),0) -> 0 | Y56: =IF(AE56>=8,ROUNDDOWN(W57*$M$4,-1),0) -> 53170 | Z56: =IFERROR(IF(AND(COUNT(F56:U57)>=8,$AG56<60,W57<=5530000),ROUNDDOWN(ROUNDDOWN(W57,-3)*4.5%,-1),IF(AND(COUNT(F56:U57)>=8,AG56<60,W57>5530000),248850,0)),0) -> 0 | AA56: =+X56+Y56+X57+Y57+Z56+Z57 -> 56610 | AB56: =W57-AA56 -> 1443390 | AC56: =IF(ISERROR(VLOOKUP(C56,일용직명단!$A$3:$I$1226,5,FALSE())),0,VLOOKUP(C56,일용직명단!$A$3:$I$1226,5,FALSE())) -> 신한 | AD56: =IF(ISERROR(VLOOKUP(C56,일용직명단!$A$3:$I$1226,6,FALSE())),0,VLOOKUP(C56,일용직명단!$A$3:$I$1226,6,FALSE())) -> 장경훈 | AE56: =COUNT(F56:U57) -> 10 | AF56: =IF(OR(MID(D56,8,1)="1",MID(D56,8,1)="2"),19&LEFT(D56,2),20&LEFT(D56,2))&"-"&MID(D56,3,2)&"-"&MID(D56,5,2) -> 1954-07-10 | AG56: =INT((TODAY()-AF56)/365.25) -> 71 | AH56: =ROUNDDOWN(SUM(AI56:AX57),-1) -> 0 | AI56: =IF($W56*F56>150000,($W56*F56-150000)*6%*45%,0) -> 0 | AJ56: =IF($W56*G56>150000,($W56*G56-150000)*6%*45%,0) -> 0 | AK56: =IF($W56*H56>150000,($W56*H56-150000)*6%*45%,0) -> 0 | AL56: =IF($W56*I56>150000,($W56*I56-150000)*6%*45%,0) -> 0 | AM56: =IF($W56*J56>150000,($W56*J56-150000)*6%*45%,0) -> 0 | AN56: =IF($W56*K56>150000,($W56*K56-150000)*6%*45%,0) -> 0 | AO56: =IF($W56*L56>150000,($W56*L56-150000)*6%*45%,0) -> 0 | AP56: =IF($W56*M56>150000,($W56*M56-150000)*6%*45%,0) -> 0 | ... AW56: =IF($W56*T56>150000,($W56*T56-150000)*6%*45%,0) -> 0 | AY56: =IF(ISERROR(VLOOKUP(C56,[26]일용직명단!$A$3:$M$1151,11,FALSE())),0,VLOOKUP(C56,[26]일용직명단!$A$3:$M$1151,11,FALSE())) -> 0
E57: =IF(ISERROR(VLOOKUP(C56,일용직명단!$A$3:$K$1246,9,FALSE())),0,VLOOKUP(C56,일용직명단!$A$3:$K$1246,9,FALSE())) -> 0 | G57: 1 | H57: 1 | I57: 1 | R57: 1 | S57: 1 | T57: 1 | U57: 1 | W57: =W56*V56 -> 1500000 | X57: =IF(AH56<1000,0,AH56) -> 0 | Y57: =ROUNDDOWN(X57*10%,-1) -> 0 | Z57: =IF(AE56>=8,ROUNDDOWN(Y56*$Q$4,-1),0) -> 3440 | AC57: =IF(ISERROR(VLOOKUP(C56,일용직명단!$A$3:$I$1226,7,FALSE())),0,VLOOKUP(C56,일용직명단!$A$3:$I$1226,7,FALSE())) -> 110 06 95606 40 | AI57: =IF($W56*F57>150000,($W56*F57-150000)*6%*45%,0) -> 0 | AJ57: =IF($W56*G57>150000,($W56*G57-150000)*6%*45%,0) -> 0 | AK57: =IF($W56*H57>150000,($W56*H57-150000)*6%*45%,0) -> 0 | AL57: =IF($W56*I57>150000,($W56*I57-150000)*6%*45%,0) -> 0 | AM57: =IF($W56*J57>150000,($W56*J57-150000)*6%*45%,0) -> 0 | AN57: =IF($W56*K57>150000,($W56*K57-150000)*6%*45%,0) -> 0 | AO57: =IF($W56*L57>150000,($W56*L57-150000)*6%*45%,0) -> 0 | AP57: =IF($W56*M57>150000,($W56*M57-150000)*6%*45%,0) -> 0 | ... AX57: =IF($W56*U57>150000,($W56*U57-150000)*6%*45%,0) -> 0
A58: =A56+1 -> 25 | B58: =IF(ISERROR(VLOOKUP(C58,일용직명단!$A$3:$I$104,2,FALSE())),0,VLOOKUP(C58,일용직명단!$A$3:$I$104,2,FALSE())) -> 0 | C58: 황지화 | D58: =IF(ISERROR(VLOOKUP(C58,일용직명단!$A$3:$K$1246,3,FALSE())),0,VLOOKUP(C58,일용직명단!$A$3:$K$1246,3,FALSE())) -> 570814-2221110 | E58: =IF(ISERROR(VLOOKUP(C58,일용직명단!$A$3:$K$1246,4,FALSE())),0,VLOOKUP(C58,일용직명단!$A$3:$K$1246,4,FALSE())) -> 충북 청주시 서원구 수곡로27번길 40, (수곡동) | M58: 1 | N58: 1 | O58: 1 | V58: =SUM(F58:U59) -> 10 | W58: =IF(ISERROR(VLOOKUP(C58,일용직명단!$A$3:$K$1246,8,FALSE())),0,VLOOKUP(C58,일용직명단!$A$3:$K$1246,8,FALSE())) -> 160000 | X58: =IFERROR(IF(AG58>=65,0,ROUNDDOWN(W59*$Z$4,-1)),0) -> 0 | Y58: =IF(AE58>=8,ROUNDDOWN(W59*$M$4,-1),0) -> 56720 | Z58: =IFERROR(IF(AND(COUNT(F58:U59)>=8,$AG58<60,W59<=5530000),ROUNDDOWN(ROUNDDOWN(W59,-3)*4.5%,-1),IF(AND(COUNT(F58:U59)>=8,AG58<60,W59>5530000),248850,0)),0) -> 0 | AA58: =+X58+Y58+X59+Y59+Z58+Z59 -> 63360 | AB58: =W59-AA58 -> 1536640 | AC58: =IF(ISERROR(VLOOKUP(C58,일용직명단!$A$3:$I$1226,5,FALSE())),0,VLOOKUP(C58,일용직명단!$A$3:$I$1226,5,FALSE())) -> 농협 | AD58: =IF(ISERROR(VLOOKUP(C58,일용직명단!$A$3:$I$1226,6,FALSE())),0,VLOOKUP(C58,일용직명단!$A$3:$I$1226,6,FALSE())) -> 황지화 | AE58: =COUNT(F58:U59) -> 10 | AF58: =IF(OR(MID(D58,8,1)="1",MID(D58,8,1)="2"),19&LEFT(D58,2),20&LEFT(D58,2))&"-"&MID(D58,3,2)&"-"&MID(D58,5,2) -> 1957-08-14 | AG58: =INT((TODAY()-AF58)/365.25) -> 68 | AH58: =ROUNDDOWN(SUM(AI58:AX59),-1) -> 2700 | AI58: =IF($W58*F58>150000,($W58*F58-150000)*6%*45%,0) -> 0 | AJ58: =IF($W58*G58>150000,($W58*G58-150000)*6%*45%,0) -> 0 | AK58: =IF($W58*H58>150000,($W58*H58-150000)*6%*45%,0) -> 0 | AL58: =IF($W58*I58>150000,($W58*I58-150000)*6%*45%,0) -> 0 | AM58: =IF($W58*J58>150000,($W58*J58-150000)*6%*45%,0) -> 0 | AN58: =IF($W58*K58>150000,($W58*K58-150000)*6%*45%,0) -> 0 | AO58: =IF($W58*L58>150000,($W58*L58-150000)*6%*45%,0) -> 0 | AP58: =IF($W58*M58>150000,($W58*M58-150000)*6%*45%,0) -> 270 | ... AW58: =IF($W58*T58>150000,($W58*T58-150000)*6%*45%,0) -> 0 | AY58: =IF(ISERROR(VLOOKUP(C58,[26]일용직명단!$A$3:$M$1151,11,FALSE())),0,VLOOKUP(C58,[26]일용직명단!$A$3:$M$1151,11,FALSE())) -> 0
E59: =IF(ISERROR(VLOOKUP(C58,일용직명단!$A$3:$K$1246,9,FALSE())),0,VLOOKUP(C58,일용직명단!$A$3:$K$1246,9,FALSE())) -> 0 | G59: 1 | H59: 1 | I59: 1 | R59: 1 | S59: 1 | T59: 1 | U59: 1 | W59: =W58*V58 -> 1600000 | X59: =IF(AH58<1000,0,AH58) -> 2700 | Y59: =ROUNDDOWN(X59*10%,-1) -> 270 | Z59: =IF(AE58>=8,ROUNDDOWN(Y58*$Q$4,-1),0) -> 3670 | AC59: =IF(ISERROR(VLOOKUP(C58,일용직명단!$A$3:$I$1226,7,FALSE())),0,VLOOKUP(C58,일용직명단!$A$3:$I$1226,7,FALSE())) -> 352-0265-8174-33 | AI59: =IF($W58*F59>150000,($W58*F59-150000)*6%*45%,0) -> 0 | AJ59: =IF($W58*G59>150000,($W58*G59-150000)*6%*45%,0) -> 270 | AK59: =IF($W58*H59>150000,($W58*H59-150000)*6%*45%,0) -> 270 | AL59: =IF($W58*I59>150000,($W58*I59-150000)*6%*45%,0) -> 270 | AM59: =IF($W58*J59>150000,($W58*J59-150000)*6%*45%,0) -> 0 | AN59: =IF($W58*K59>150000,($W58*K59-150000)*6%*45%,0) -> 0 | AO59: =IF($W58*L59>150000,($W58*L59-150000)*6%*45%,0) -> 0 | AP59: =IF($W58*M59>150000,($W58*M59-150000)*6%*45%,0) -> 0 | ... AX59: =IF($W58*U59>150000,($W58*U59-150000)*6%*45%,0) -> 270
A60: =A58+1 -> 26 | C60: 박원용 | D60: =IF(ISERROR(VLOOKUP(C60,일용직명단!$A$3:$K$1246,3,FALSE())),0,VLOOKUP(C60,일용직명단!$A$3:$K$1246,3,FALSE())) -> 640430-1449018 | E60: =IF(ISERROR(VLOOKUP(C60,일용직명단!$A$3:$K$1246,4,FALSE())),0,VLOOKUP(C60,일용직명단!$A$3:$K$1246,4,FALSE())) -> 대전광역시 중구 보문산로245번길 3-18, 1층(문화동) | F60: 1 | G60: 1 | I60: 1 | O60: 1 | P60: 1 | R60: 1 | S60: 1 | V60: =SUM(F60:U61) -> 7 | W60: =IF(ISERROR(VLOOKUP(C60,일용직명단!$A$3:$K$1246,8,FALSE())),0,VLOOKUP(C60,일용직명단!$A$3:$K$1246,8,FALSE())) -> 170000 | X60: =IFERROR(IF(AG60>=65,0,ROUNDDOWN(W61*$Z$4,-1)),0) -> 10710 | Y60: =IF(AE60>=8,ROUNDDOWN(W61*$M$4,-1),0) -> 0 | Z60: =IFERROR(IF(AND(COUNT(F60:U61)>=8,$AG60<60,W61<=5530000),ROUNDDOWN(ROUNDDOWN(W61,-3)*4.5%,-1),IF(AND(COUNT(F60:U61)>=8,AG60<60,W61>5530000),248850,0)),0) -> 0 | AA60: =+X60+Y60+X61+Y61+Z60+Z61 -> 14860 | AB60: =W61-AA60 -> 1175140 | AC60: =IF(ISERROR(VLOOKUP(C60,일용직명단!$A$3:$I$1226,5,FALSE())),0,VLOOKUP(C60,일용직명단!$A$3:$I$1226,5,FALSE())) -> 농협 | AD60: =IF(ISERROR(VLOOKUP(C60,일용직명단!$A$3:$I$1226,6,FALSE())),0,VLOOKUP(C60,일용직명단!$A$3:$I$1226,6,FALSE())) -> 박원용 | AE60: =COUNT(F60:U61) -> 7 | AF60: =IF(OR(MID(D60,8,1)="1",MID(D60,8,1)="2"),19&LEFT(D60,2),20&LEFT(D60,2))&"-"&MID(D60,3,2)&"-"&MID(D60,5,2) -> 1964-04-30 | AG60: =INT((TODAY()-AF60)/365.25) -> 61 | AH60: =ROUNDDOWN(SUM(AI60:AX61),-1) -> 3780 | AI60: =IF($W60*F60>150000,($W60*F60-150000)*6%*45%,0) -> 540 | AJ60: =IF($W60*G60>150000,($W60*G60-150000)*6%*45%,0) -> 540 | AK60: =IF($W60*H60>150000,($W60*H60-150000)*6%*45%,0) -> 0 | AL60: =IF($W60*I60>150000,($W60*I60-150000)*6%*45%,0) -> 540 | AM60: =IF($W60*J60>150000,($W60*J60-150000)*6%*45%,0) -> 0 | AN60: =IF($W60*K60>150000,($W60*K60-150000)*6%*45%,0) -> 0 | AO60: =IF($W60*L60>150000,($W60*L60-150000)*6%*45%,0) -> 0 | AP60: =IF($W60*M60>150000,($W60*M60-150000)*6%*45%,0) -> 0 | ... AW60: =IF($W60*T60>150000,($W60*T60-150000)*6%*45%,0) -> 0 | AY60: =IF(ISERROR(VLOOKUP(C60,[26]일용직명단!$A$3:$M$1151,11,FALSE())),0,VLOOKUP(C60,[26]일용직명단!$A$3:$M$1151,11,FALSE())) -> 0
E61: =IF(ISERROR(VLOOKUP(C60,일용직명단!$A$3:$K$1246,9,FALSE())),0,VLOOKUP(C60,일용직명단!$A$3:$K$1246,9,FALSE())) -> 010-3034-8317 | W61: =W60*V60 -> 1190000 | X61: =IF(AH60<1000,0,AH60) -> 3780 | Y61: =ROUNDDOWN(X61*10%,-1) -> 370 | Z61: =IF(AE60>=8,ROUNDDOWN(Y60*$Q$4,-1),0) -> 0 | AC61: =IF(ISERROR(VLOOKUP(C60,일용직명단!$A$3:$I$1226,7,FALSE())),0,VLOOKUP(C60,일용직명단!$A$3:$I$1226,7,FALSE())) -> 352-0194-1212-63 | AI61: =IF($W60*F61>150000,($W60*F61-150000)*6%*45%,0) -> 0 | AJ61: =IF($W60*G61>150000,($W60*G61-150000)*6%*45%,0) -> 0 | AK61: =IF($W60*H61>150000,($W60*H61-150000)*6%*45%,0) -> 0 | AL61: =IF($W60*I61>150000,($W60*I61-150000)*6%*45%,0) -> 0 | AM61: =IF($W60*J61>150000,($W60*J61-150000)*6%*45%,0) -> 0 | AN61: =IF($W60*K61>150000,($W60*K61-150000)*6%*45%,0) -> 0 | AO61: =IF($W60*L61>150000,($W60*L61-150000)*6%*45%,0) -> 0 | AP61: =IF($W60*M61>150000,($W60*M61-150000)*6%*45%,0) -> 0 | ... AX61: =IF($W60*U61>150000,($W60*U61-150000)*6%*45%,0) -> 0
A62: =A60+1 -> 27 | B62: =IF(ISERROR(VLOOKUP(C62,일용직명단!$A$3:$I$104,2,FALSE())),0,VLOOKUP(C62,일용직명단!$A$3:$I$104,2,FALSE())) -> 0 | C62: 배순히 | D62: =IF(ISERROR(VLOOKUP(C62,일용직명단!$A$3:$K$1246,3,FALSE())),0,VLOOKUP(C62,일용직명단!$A$3:$K$1246,3,FALSE())) -> 610510-2684239 | E62: =IF(ISERROR(VLOOKUP(C62,일용직명단!$A$3:$K$1246,4,FALSE())),0,VLOOKUP(C62,일용직명단!$A$3:$K$1246,4,FALSE())) -> 전북 무주군 무주읍 단천로6길 13 | F62: 1 | G62: 1 | H62: 1 | I62: 1 | M62: 1 | N62: 1 | O62: 1 | V62: =SUM(F62:U63) -> 7 | W62: =IF(ISERROR(VLOOKUP(C62,일용직명단!$A$3:$K$1246,8,FALSE())),0,VLOOKUP(C62,일용직명단!$A$3:$K$1246,8,FALSE())) -> 170000 | X62: =IFERROR(IF(AG62>=65,0,ROUNDDOWN(W63*$Z$4,-1)),0) -> 10710 | Y62: =IF(AE62>=8,ROUNDDOWN(W63*$M$4,-1),0) -> 0 | Z62: =IFERROR(IF(AND(COUNT(F62:U63)>=8,$AG62<60,W63<=5530000),ROUNDDOWN(ROUNDDOWN(W63,-3)*4.5%,-1),IF(AND(COUNT(F62:U63)>=8,AG62<60,W63>5530000),248850,0)),0) -> 0 | AA62: =+X62+Y62+X63+Y63+Z62+Z63 -> 14860 | AB62: =W63-AA62 -> 1175140 | AC62: =IF(ISERROR(VLOOKUP(C62,일용직명단!$A$3:$I$1226,5,FALSE())),0,VLOOKUP(C62,일용직명단!$A$3:$I$1226,5,FALSE())) -> 우체국 | AD62: =IF(ISERROR(VLOOKUP(C62,일용직명단!$A$3:$I$1226,6,FALSE())),0,VLOOKUP(C62,일용직명단!$A$3:$I$1226,6,FALSE())) -> 배순히 | AE62: =COUNT(F62:U63) -> 7 | AF62: =IF(OR(MID(D62,8,1)="1",MID(D62,8,1)="2"),19&LEFT(D62,2),20&LEFT(D62,2))&"-"&MID(D62,3,2)&"-"&MID(D62,5,2) -> 1961-05-10 | AG62: =INT((TODAY()-AF62)/365.25) -> 64 | AH62: =ROUNDDOWN(SUM(AI62:AX63),-1) -> 3780 | AI62: =IF($W62*F62>150000,($W62*F62-150000)*6%*45%,0) -> 540 | AJ62: =IF($W62*G62>150000,($W62*G62-150000)*6%*45%,0) -> 540 | AK62: =IF($W62*H62>150000,($W62*H62-150000)*6%*45%,0) -> 540 | AL62: =IF($W62*I62>150000,($W62*I62-150000)*6%*45%,0) -> 540 | AM62: =IF($W62*J62>150000,($W62*J62-150000)*6%*45%,0) -> 0 | AN62: =IF($W62*K62>150000,($W62*K62-150000)*6%*45%,0) -> 0 | AO62: =IF($W62*L62>150000,($W62*L62-150000)*6%*45%,0) -> 0 | AP62: =IF($W62*M62>150000,($W62*M62-150000)*6%*45%,0) -> 540 | ... AW62: =IF($W62*T62>150000,($W62*T62-150000)*6%*45%,0) -> 0 | AY62: =IF(ISERROR(VLOOKUP(C62,[26]일용직명단!$A$3:$M$1151,11,FALSE())),0,VLOOKUP(C62,[26]일용직명단!$A$3:$M$1151,11,FALSE())) -> 0
E63: =IF(ISERROR(VLOOKUP(C62,일용직명단!$A$3:$K$1246,9,FALSE())),0,VLOOKUP(C62,일용직명단!$A$3:$K$1246,9,FALSE())) -> 0 | W63: =W62*V62 -> 1190000 | X63: =IF(AH62<1000,0,AH62) -> 3780 | Y63: =ROUNDDOWN(X63*10%,-1) -> 370 | Z63: =IF(AE62>=8,ROUNDDOWN(Y62*$Q$4,-1),0) -> 0 | AC63: =IF(ISERROR(VLOOKUP(C62,일용직명단!$A$3:$I$1226,7,FALSE())),0,VLOOKUP(C62,일용직명단!$A$3:$I$1226,7,FALSE())) -> 110-0116-35806 | AI63: =IF($W62*F63>150000,($W62*F63-150000)*6%*45%,0) -> 0 | AJ63: =IF($W62*G63>150000,($W62*G63-150000)*6%*45%,0) -> 0 | AK63: =IF($W62*H63>150000,($W62*H63-150000)*6%*45%,0) -> 0 | AL63: =IF($W62*I63>150000,($W62*I63-150000)*6%*45%,0) -> 0 | AM63: =IF($W62*J63>150000,($W62*J63-150000)*6%*45%,0) -> 0 | AN63: =IF($W62*K63>150000,($W62*K63-150000)*6%*45%,0) -> 0 | AO63: =IF($W62*L63>150000,($W62*L63-150000)*6%*45%,0) -> 0 | AP63: =IF($W62*M63>150000,($W62*M63-150000)*6%*45%,0) -> 0 | ... AX63: =IF($W62*U63>150000,($W62*U63-150000)*6%*45%,0) -> 0
A64: =A62+1 -> 28 | D64: =IF(ISERROR(VLOOKUP(C64,일용직명단!$A$3:$K$1246,3,FALSE())),0,VLOOKUP(C64,일용직명단!$A$3:$K$1246,3,FALSE())) -> 0 | E64: =IF(ISERROR(VLOOKUP(C64,일용직명단!$A$3:$K$1246,4,FALSE())),0,VLOOKUP(C64,일용직명단!$A$3:$K$1246,4,FALSE())) -> 0 | V64: =SUM(F64:U65) -> 0 | W64: =IF(ISERROR(VLOOKUP(C64,일용직명단!$A$3:$K$1246,8,FALSE())),0,VLOOKUP(C64,일용직명단!$A$3:$K$1246,8,FALSE())) -> 0 | X64: =IFERROR(IF(AG64>=65,0,ROUNDDOWN(W65*$Z$4,-1)),0) -> 0 | Y64: =IF(AE64>=8,ROUNDDOWN(W65*$M$4,-1),0) -> 0 | Z64: =IFERROR(IF(AND(COUNT(F64:U65)>=8,$AG64<60,W65<=5530000),ROUNDDOWN(ROUNDDOWN(W65,-3)*4.5%,-1),IF(AND(COUNT(F64:U65)>=8,AG64<60,W65>5530000),248850,0)),0) -> 0 | AA64: =+X64+Y64+X65+Y65+Z64+Z65 -> 0 | AB64: =W65-AA64 -> 0 | AC64: =IF(ISERROR(VLOOKUP(C64,일용직명단!$A$3:$I$1226,5,FALSE())),0,VLOOKUP(C64,일용직명단!$A$3:$I$1226,5,FALSE())) -> 0 | AD64: =IF(ISERROR(VLOOKUP(C64,일용직명단!$A$3:$I$1226,6,FALSE())),0,VLOOKUP(C64,일용직명단!$A$3:$I$1226,6,FALSE())) -> 0 | AE64: =COUNT(F64:U65) -> 0 | AF64: =IF(OR(MID(D64,8,1)="1",MID(D64,8,1)="2"),19&LEFT(D64,2),20&LEFT(D64,2))&"-"&MID(D64,3,2)&"-"&MID(D64,5,2) -> 200-- | AG64: =INT((TODAY()-AF64)/365.25) -> #VALUE! | AH64: =ROUNDDOWN(SUM(AI64:AX65),-1) -> 0 | AI64: =IF($W64*F64>150000,($W64*F64-150000)*6%*45%,0) -> 0 | AJ64: =IF($W64*G64>150000,($W64*G64-150000)*6%*45%,0) -> 0 | AK64: =IF($W64*H64>150000,($W64*H64-150000)*6%*45%,0) -> 0 | AL64: =IF($W64*I64>150000,($W64*I64-150000)*6%*45%,0) -> 0 | AM64: =IF($W64*J64>150000,($W64*J64-150000)*6%*45%,0) -> 0 | AN64: =IF($W64*K64>150000,($W64*K64-150000)*6%*45%,0) -> 0 | AO64: =IF($W64*L64>150000,($W64*L64-150000)*6%*45%,0) -> 0 | AP64: =IF($W64*M64>150000,($W64*M64-150000)*6%*45%,0) -> 0 | ... AW64: =IF($W64*T64>150000,($W64*T64-150000)*6%*45%,0) -> 0 | AY64: =IF(ISERROR(VLOOKUP(C64,[27]일용직명단!$A$3:$M$1151,11,FALSE())),0,VLOOKUP(C64,[27]일용직명단!$A$3:$M$1151,11,FALSE())) -> 0
E65: =IF(ISERROR(VLOOKUP(C64,일용직명단!$A$3:$K$1246,9,FALSE())),0,VLOOKUP(C64,일용직명단!$A$3:$K$1246,9,FALSE())) -> 0 | W65: =W64*V64 -> 0 | X65: =IF(AH64<1000,0,AH64) -> 0 | Y65: =ROUNDDOWN(X65*10%,-1) -> 0 | Z65: =IF(AE64>=8,ROUNDDOWN(Y64*$Q$4,-1),0) -> 0 | AC65: =IF(ISERROR(VLOOKUP(C64,일용직명단!$A$3:$I$1226,7,FALSE())),0,VLOOKUP(C64,일용직명단!$A$3:$I$1226,7,FALSE())) -> 0 | AI65: =IF($W64*F65>150000,($W64*F65-150000)*6%*45%,0) -> 0 | AJ65: =IF($W64*G65>150000,($W64*G65-150000)*6%*45%,0) -> 0 | AK65: =IF($W64*H65>150000,($W64*H65-150000)*6%*45%,0) -> 0 | AL65: =IF($W64*I65>150000,($W64*I65-150000)*6%*45%,0) -> 0 | AM65: =IF($W64*J65>150000,($W64*J65-150000)*6%*45%,0) -> 0 | AN65: =IF($W64*K65>150000,($W64*K65-150000)*6%*45%,0) -> 0 | AO65: =IF($W64*L65>150000,($W64*L65-150000)*6%*45%,0) -> 0 | AP65: =IF($W64*M65>150000,($W64*M65-150000)*6%*45%,0) -> 0 | ... AX65: =IF($W64*U65>150000,($W64*U65-150000)*6%*45%,0) -> 0
A66: =A64+1 -> 29 | B66: =IF(ISERROR(VLOOKUP(C66,일용직명단!$A$3:$I$104,2,FALSE())),0,VLOOKUP(C66,일용직명단!$A$3:$I$104,2,FALSE())) -> 0 | D66: =IF(ISERROR(VLOOKUP(C66,일용직명단!$A$3:$K$1246,3,FALSE())),0,VLOOKUP(C66,일용직명단!$A$3:$K$1246,3,FALSE())) -> 0 | E66: =IF(ISERROR(VLOOKUP(C66,일용직명단!$A$3:$K$1246,4,FALSE())),0,VLOOKUP(C66,일용직명단!$A$3:$K$1246,4,FALSE())) -> 0 | V66: =SUM(F66:U67) -> 0 | W66: =IF(ISERROR(VLOOKUP(C66,일용직명단!$A$3:$K$1246,8,FALSE())),0,VLOOKUP(C66,일용직명단!$A$3:$K$1246,8,FALSE())) -> 0 | X66: =IFERROR(IF(AG66>=65,0,ROUNDDOWN(W67*$Z$4,-1)),0) -> 0 | Y66: =IF(AE66>=8,ROUNDDOWN(W67*$M$4,-1),0) -> 0 | Z66: =IFERROR(IF(AND(COUNT(F66:U67)>=8,$AG66<60,W67<=5530000),ROUNDDOWN(ROUNDDOWN(W67,-3)*4.5%,-1),IF(AND(COUNT(F66:U67)>=8,AG66<60,W67>5530000),248850,0)),0) -> 0 | AA66: =+X66+Y66+X67+Y67+Z66+Z67 -> 0 | AB66: =W67-AA66 -> 0 | AC66: =IF(ISERROR(VLOOKUP(C66,일용직명단!$A$3:$I$1226,5,FALSE())),0,VLOOKUP(C66,일용직명단!$A$3:$I$1226,5,FALSE())) -> 0 | AD66: =IF(ISERROR(VLOOKUP(C66,일용직명단!$A$3:$I$1226,6,FALSE())),0,VLOOKUP(C66,일용직명단!$A$3:$I$1226,6,FALSE())) -> 0 | AE66: =COUNT(F66:U67) -> 0 | AF66: =IF(OR(MID(D66,8,1)="1",MID(D66,8,1)="2"),19&LEFT(D66,2),20&LEFT(D66,2))&"-"&MID(D66,3,2)&"-"&MID(D66,5,2) -> 200-- | AG66: =INT((TODAY()-AF66)/365.25) -> #VALUE! | AH66: =ROUNDDOWN(SUM(AI66:AX67),-1) -> 0 | AI66: =IF($W66*F66>150000,($W66*F66-150000)*6%*45%,0) -> 0 | AJ66: =IF($W66*G66>150000,($W66*G66-150000)*6%*45%,0) -> 0 | AK66: =IF($W66*H66>150000,($W66*H66-150000)*6%*45%,0) -> 0 | AL66: =IF($W66*I66>150000,($W66*I66-150000)*6%*45%,0) -> 0 | AM66: =IF($W66*J66>150000,($W66*J66-150000)*6%*45%,0) -> 0 | AN66: =IF($W66*K66>150000,($W66*K66-150000)*6%*45%,0) -> 0 | AO66: =IF($W66*L66>150000,($W66*L66-150000)*6%*45%,0) -> 0 | AP66: =IF($W66*M66>150000,($W66*M66-150000)*6%*45%,0) -> 0 | ... AW66: =IF($W66*T66>150000,($W66*T66-150000)*6%*45%,0) -> 0 | AY66: =IF(ISERROR(VLOOKUP(C66,[26]일용직명단!$A$3:$M$1151,11,FALSE())),0,VLOOKUP(C66,[26]일용직명단!$A$3:$M$1151,11,FALSE())) -> 0
E67: =IF(ISERROR(VLOOKUP(C66,일용직명단!$A$3:$K$1246,9,FALSE())),0,VLOOKUP(C66,일용직명단!$A$3:$K$1246,9,FALSE())) -> 0 | W67: =W66*V66 -> 0 | X67: =IF(AH66<1000,0,AH66) -> 0 | Y67: =ROUNDDOWN(X67*10%,-1) -> 0 | Z67: =IF(AE66>=8,ROUNDDOWN(Y66*$Q$4,-1),0) -> 0 | AC67: =IF(ISERROR(VLOOKUP(C66,일용직명단!$A$3:$I$1226,7,FALSE())),0,VLOOKUP(C66,일용직명단!$A$3:$I$1226,7,FALSE())) -> 0 | AI67: =IF($W66*F67>150000,($W66*F67-150000)*6%*45%,0) -> 0 | AJ67: =IF($W66*G67>150000,($W66*G67-150000)*6%*45%,0) -> 0 | AK67: =IF($W66*H67>150000,($W66*H67-150000)*6%*45%,0) -> 0 | AL67: =IF($W66*I67>150000,($W66*I67-150000)*6%*45%,0) -> 0 | AM67: =IF($W66*J67>150000,($W66*J67-150000)*6%*45%,0) -> 0 | AN67: =IF($W66*K67>150000,($W66*K67-150000)*6%*45%,0) -> 0 | AO67: =IF($W66*L67>150000,($W66*L67-150000)*6%*45%,0) -> 0 | AP67: =IF($W66*M67>150000,($W66*M67-150000)*6%*45%,0) -> 0 | ... AX67: =IF($W66*U67>150000,($W66*U67-150000)*6%*45%,0) -> 0
A68: =A66+1 -> 30 | B68: =IF(ISERROR(VLOOKUP(C68,일용직명단!$A$3:$I$104,2,FALSE())),0,VLOOKUP(C68,일용직명단!$A$3:$I$104,2,FALSE())) -> 0 | D68: =IF(ISERROR(VLOOKUP(C68,일용직명단!$A$3:$K$1246,3,FALSE())),0,VLOOKUP(C68,일용직명단!$A$3:$K$1246,3,FALSE())) -> 0 | E68: =IF(ISERROR(VLOOKUP(C68,일용직명단!$A$3:$K$1246,4,FALSE())),0,VLOOKUP(C68,일용직명단!$A$3:$K$1246,4,FALSE())) -> 0 | V68: =SUM(F68:U69) -> 0 | W68: =IF(ISERROR(VLOOKUP(C68,일용직명단!$A$3:$K$1246,8,FALSE())),0,VLOOKUP(C68,일용직명단!$A$3:$K$1246,8,FALSE())) -> 0 | X68: =IFERROR(IF(AG68>=65,0,ROUNDDOWN(W69*$Z$4,-1)),0) -> 0 | Y68: =IF(AE68>=8,ROUNDDOWN(W69*$M$4,-1),0) -> 0 | Z68: =IFERROR(IF(AND(COUNT(F68:U69)>=8,$AG68<60,W69<=5530000),ROUNDDOWN(ROUNDDOWN(W69,-3)*4.5%,-1),IF(AND(COUNT(F68:U69)>=8,AG68<60,W69>5530000),248850,0)),0) -> 0 | AA68: =+X68+Y68+X69+Y69+Z68+Z69 -> 0 | AB68: =W69-AA68 -> 0 | AC68: =IF(ISERROR(VLOOKUP(C68,일용직명단!$A$3:$I$1226,5,FALSE())),0,VLOOKUP(C68,일용직명단!$A$3:$I$1226,5,FALSE())) -> 0 | AD68: =IF(ISERROR(VLOOKUP(C68,일용직명단!$A$3:$I$1226,6,FALSE())),0,VLOOKUP(C68,일용직명단!$A$3:$I$1226,6,FALSE())) -> 0 | AE68: =COUNT(F68:U69) -> 0 | AF68: =IF(OR(MID(D68,8,1)="1",MID(D68,8,1)="2"),19&LEFT(D68,2),20&LEFT(D68,2))&"-"&MID(D68,3,2)&"-"&MID(D68,5,2) -> 200-- | AG68: =INT((TODAY()-AF68)/365.25) -> #VALUE! | AH68: =ROUNDDOWN(SUM(AI68:AX69),-1) -> 0 | AI68: =IF($W68*F68>150000,($W68*F68-150000)*6%*45%,0) -> 0 | AJ68: =IF($W68*G68>150000,($W68*G68-150000)*6%*45%,0) -> 0 | AK68: =IF($W68*H68>150000,($W68*H68-150000)*6%*45%,0) -> 0 | AL68: =IF($W68*I68>150000,($W68*I68-150000)*6%*45%,0) -> 0 | AM68: =IF($W68*J68>150000,($W68*J68-150000)*6%*45%,0) -> 0 | AN68: =IF($W68*K68>150000,($W68*K68-150000)*6%*45%,0) -> 0 | AO68: =IF($W68*L68>150000,($W68*L68-150000)*6%*45%,0) -> 0 | AP68: =IF($W68*M68>150000,($W68*M68-150000)*6%*45%,0) -> 0 | ... AW68: =IF($W68*T68>150000,($W68*T68-150000)*6%*45%,0) -> 0 | AY68: =IF(ISERROR(VLOOKUP(C68,[26]일용직명단!$A$3:$M$1151,11,FALSE())),0,VLOOKUP(C68,[26]일용직명단!$A$3:$M$1151,11,FALSE())) -> 0
E69: =IF(ISERROR(VLOOKUP(C68,일용직명단!$A$3:$K$1246,9,FALSE())),0,VLOOKUP(C68,일용직명단!$A$3:$K$1246,9,FALSE())) -> 0 | W69: =W68*V68 -> 0 | X69: =IF(AH68<1000,0,AH68) -> 0 | Y69: =ROUNDDOWN(X69*10%,-1) -> 0 | Z69: =IF(AE68>=8,ROUNDDOWN(Y68*$Q$4,-1),0) -> 0 | AC69: =IF(ISERROR(VLOOKUP(C68,일용직명단!$A$3:$I$1226,7,FALSE())),0,VLOOKUP(C68,일용직명단!$A$3:$I$1226,7,FALSE())) -> 0 | AI69: =IF($W68*F69>150000,($W68*F69-150000)*6%*45%,0) -> 0 | AJ69: =IF($W68*G69>150000,($W68*G69-150000)*6%*45%,0) -> 0 | AK69: =IF($W68*H69>150000,($W68*H69-150000)*6%*45%,0) -> 0 | AL69: =IF($W68*I69>150000,($W68*I69-150000)*6%*45%,0) -> 0 | AM69: =IF($W68*J69>150000,($W68*J69-150000)*6%*45%,0) -> 0 | AN69: =IF($W68*K69>150000,($W68*K69-150000)*6%*45%,0) -> 0 | AO69: =IF($W68*L69>150000,($W68*L69-150000)*6%*45%,0) -> 0 | AP69: =IF($W68*M69>150000,($W68*M69-150000)*6%*45%,0) -> 0 | ... AX69: =IF($W68*U69>150000,($W68*U69-150000)*6%*45%,0) -> 0
A70: =A68+1 -> 31 | B70: =IF(ISERROR(VLOOKUP(C70,일용직명단!$A$3:$I$104,2,FALSE())),0,VLOOKUP(C70,일용직명단!$A$3:$I$104,2,FALSE())) -> 0 | D70: =IF(ISERROR(VLOOKUP(C70,일용직명단!$A$3:$K$1246,3,FALSE())),0,VLOOKUP(C70,일용직명단!$A$3:$K$1246,3,FALSE())) -> 0 | E70: =IF(ISERROR(VLOOKUP(C70,일용직명단!$A$3:$K$1246,4,FALSE())),0,VLOOKUP(C70,일용직명단!$A$3:$K$1246,4,FALSE())) -> 0 | V70: =SUM(F70:U71) -> 0 | W70: =IF(ISERROR(VLOOKUP(C70,일용직명단!$A$3:$K$1246,8,FALSE())),0,VLOOKUP(C70,일용직명단!$A$3:$K$1246,8,FALSE())) -> 0 | X70: =IFERROR(IF(AG70>=65,0,ROUNDDOWN(W71*$Z$4,-1)),0) -> 0 | Y70: =IF(AE70>=8,ROUNDDOWN(W71*$M$4,-1),0) -> 0 | Z70: =IFERROR(IF(AND(COUNT(F70:U71)>=8,$AG70<60,W71<=5530000),ROUNDDOWN(ROUNDDOWN(W71,-3)*4.5%,-1),IF(AND(COUNT(F70:U71)>=8,AG70<60,W71>5530000),248850,0)),0) -> 0 | AA70: =+X70+Y70+X71+Y71+Z70+Z71 -> 0 | AB70: =W71-AA70 -> 0 | AC70: =IF(ISERROR(VLOOKUP(C70,일용직명단!$A$3:$I$1226,5,FALSE())),0,VLOOKUP(C70,일용직명단!$A$3:$I$1226,5,FALSE())) -> 0 | AD70: =IF(ISERROR(VLOOKUP(C70,일용직명단!$A$3:$I$1226,6,FALSE())),0,VLOOKUP(C70,일용직명단!$A$3:$I$1226,6,FALSE())) -> 0 | AE70: =COUNT(F70:U71) -> 0 | AF70: =IF(OR(MID(D70,8,1)="1",MID(D70,8,1)="2"),19&LEFT(D70,2),20&LEFT(D70,2))&"-"&MID(D70,3,2)&"-"&MID(D70,5,2) -> 200-- | AG70: =INT((TODAY()-AF70)/365.25) -> #VALUE! | AH70: =ROUNDDOWN(SUM(AI70:AX71),-1) -> 0 | AI70: =IF($W70*F70>150000,($W70*F70-150000)*6%*45%,0) -> 0 | AJ70: =IF($W70*G70>150000,($W70*G70-150000)*6%*45%,0) -> 0 | AK70: =IF($W70*H70>150000,($W70*H70-150000)*6%*45%,0) -> 0 | AL70: =IF($W70*I70>150000,($W70*I70-150000)*6%*45%,0) -> 0 | AM70: =IF($W70*J70>150000,($W70*J70-150000)*6%*45%,0) -> 0 | AN70: =IF($W70*K70>150000,($W70*K70-150000)*6%*45%,0) -> 0 | AO70: =IF($W70*L70>150000,($W70*L70-150000)*6%*45%,0) -> 0 | AP70: =IF($W70*M70>150000,($W70*M70-150000)*6%*45%,0) -> 0 | ... AW70: =IF($W70*T70>150000,($W70*T70-150000)*6%*45%,0) -> 0 | AY70: =IF(ISERROR(VLOOKUP(C70,[26]일용직명단!$A$3:$M$1151,11,FALSE())),0,VLOOKUP(C70,[26]일용직명단!$A$3:$M$1151,11,FALSE())) -> 0
E71: =IF(ISERROR(VLOOKUP(C70,일용직명단!$A$3:$K$1246,9,FALSE())),0,VLOOKUP(C70,일용직명단!$A$3:$K$1246,9,FALSE())) -> 0 | W71: =W70*V70 -> 0 | X71: =IF(AH70<1000,0,AH70) -> 0 | Y71: =ROUNDDOWN(X71*10%,-1) -> 0 | Z71: =IF(AE70>=8,ROUNDDOWN(Y70*$Q$4,-1),0) -> 0 | AC71: =IF(ISERROR(VLOOKUP(C70,일용직명단!$A$3:$I$1226,7,FALSE())),0,VLOOKUP(C70,일용직명단!$A$3:$I$1226,7,FALSE())) -> 0 | AI71: =IF($W70*F71>150000,($W70*F71-150000)*6%*45%,0) -> 0 | AJ71: =IF($W70*G71>150000,($W70*G71-150000)*6%*45%,0) -> 0 | AK71: =IF($W70*H71>150000,($W70*H71-150000)*6%*45%,0) -> 0 | AL71: =IF($W70*I71>150000,($W70*I71-150000)*6%*45%,0) -> 0 | AM71: =IF($W70*J71>150000,($W70*J71-150000)*6%*45%,0) -> 0 | AN71: =IF($W70*K71>150000,($W70*K71-150000)*6%*45%,0) -> 0 | AO71: =IF($W70*L71>150000,($W70*L71-150000)*6%*45%,0) -> 0 | AP71: =IF($W70*M71>150000,($W70*M71-150000)*6%*45%,0) -> 0 | ... AX71: =IF($W70*U71>150000,($W70*U71-150000)*6%*45%,0) -> 0
A72: =A70+1 -> 32 | B72: =IF(ISERROR(VLOOKUP(C72,일용직명단!$A$3:$I$104,2,FALSE())),0,VLOOKUP(C72,일용직명단!$A$3:$I$104,2,FALSE())) -> 0 | D72: =IF(ISERROR(VLOOKUP(C72,일용직명단!$A$3:$K$1246,3,FALSE())),0,VLOOKUP(C72,일용직명단!$A$3:$K$1246,3,FALSE())) -> 0 | E72: =IF(ISERROR(VLOOKUP(C72,일용직명단!$A$3:$K$1246,4,FALSE())),0,VLOOKUP(C72,일용직명단!$A$3:$K$1246,4,FALSE())) -> 0 | V72: =SUM(F72:U73) -> 0 | W72: =IF(ISERROR(VLOOKUP(C72,일용직명단!$A$3:$K$1246,8,FALSE())),0,VLOOKUP(C72,일용직명단!$A$3:$K$1246,8,FALSE())) -> 0 | X72: =IFERROR(IF(AG72>=65,0,ROUNDDOWN(W73*$Z$4,-1)),0) -> 0 | Y72: =IF(AE72>=8,ROUNDDOWN(W73*$M$4,-1),0) -> 0 | Z72: =IFERROR(IF(AND(COUNT(F72:U73)>=8,$AG72<60,W73<=5530000),ROUNDDOWN(ROUNDDOWN(W73,-3)*4.5%,-1),IF(AND(COUNT(F72:U73)>=8,AG72<60,W73>5530000),248850,0)),0) -> 0 | AA72: =+X72+Y72+X73+Y73+Z72+Z73 -> 0 | AB72: =W73-AA72 -> 0 | AC72: =IF(ISERROR(VLOOKUP(C72,일용직명단!$A$3:$I$1226,5,FALSE())),0,VLOOKUP(C72,일용직명단!$A$3:$I$1226,5,FALSE())) -> 0 | AD72: =IF(ISERROR(VLOOKUP(C72,일용직명단!$A$3:$I$1226,6,FALSE())),0,VLOOKUP(C72,일용직명단!$A$3:$I$1226,6,FALSE())) -> 0 | AE72: =COUNT(F72:U73) -> 0 | AF72: =IF(OR(MID(D72,8,1)="1",MID(D72,8,1)="2"),19&LEFT(D72,2),20&LEFT(D72,2))&"-"&MID(D72,3,2)&"-"&MID(D72,5,2) -> 200-- | AG72: =INT((TODAY()-AF72)/365.25) -> #VALUE! | AH72: =ROUNDDOWN(SUM(AI72:AX73),-1) -> 0 | AI72: =IF($W72*F72>150000,($W72*F72-150000)*6%*45%,0) -> 0 | AJ72: =IF($W72*G72>150000,($W72*G72-150000)*6%*45%,0) -> 0 | AK72: =IF($W72*H72>150000,($W72*H72-150000)*6%*45%,0) -> 0 | AL72: =IF($W72*I72>150000,($W72*I72-150000)*6%*45%,0) -> 0 | AM72: =IF($W72*J72>150000,($W72*J72-150000)*6%*45%,0) -> 0 | AN72: =IF($W72*K72>150000,($W72*K72-150000)*6%*45%,0) -> 0 | AO72: =IF($W72*L72>150000,($W72*L72-150000)*6%*45%,0) -> 0 | AP72: =IF($W72*M72>150000,($W72*M72-150000)*6%*45%,0) -> 0 | ... AW72: =IF($W72*T72>150000,($W72*T72-150000)*6%*45%,0) -> 0 | AY72: =IF(ISERROR(VLOOKUP(C72,[26]일용직명단!$A$3:$M$1151,11,FALSE())),0,VLOOKUP(C72,[26]일용직명단!$A$3:$M$1151,11,FALSE())) -> 0
E73: =IF(ISERROR(VLOOKUP(C72,일용직명단!$A$3:$K$1246,9,FALSE())),0,VLOOKUP(C72,일용직명단!$A$3:$K$1246,9,FALSE())) -> 0 | W73: =W72*V72 -> 0 | X73: =IF(AH72<1000,0,AH72) -> 0 | Y73: =ROUNDDOWN(X73*10%,-1) -> 0 | Z73: =IF(AE72>=8,ROUNDDOWN(Y72*$Q$4,-1),0) -> 0 | AC73: =IF(ISERROR(VLOOKUP(C72,일용직명단!$A$3:$I$1226,7,FALSE())),0,VLOOKUP(C72,일용직명단!$A$3:$I$1226,7,FALSE())) -> 0 | AI73: =IF($W72*F73>150000,($W72*F73-150000)*6%*45%,0) -> 0 | AJ73: =IF($W72*G73>150000,($W72*G73-150000)*6%*45%,0) -> 0 | AK73: =IF($W72*H73>150000,($W72*H73-150000)*6%*45%,0) -> 0 | AL73: =IF($W72*I73>150000,($W72*I73-150000)*6%*45%,0) -> 0 | AM73: =IF($W72*J73>150000,($W72*J73-150000)*6%*45%,0) -> 0 | AN73: =IF($W72*K73>150000,($W72*K73-150000)*6%*45%,0) -> 0 | AO73: =IF($W72*L73>150000,($W72*L73-150000)*6%*45%,0) -> 0 | AP73: =IF($W72*M73>150000,($W72*M73-150000)*6%*45%,0) -> 0 | ... AX73: =IF($W72*U73>150000,($W72*U73-150000)*6%*45%,0) -> 0
A74: =A72+1 -> 33 | B74: =IF(ISERROR(VLOOKUP(C74,일용직명단!$A$3:$I$104,2,FALSE())),0,VLOOKUP(C74,일용직명단!$A$3:$I$104,2,FALSE())) -> 0 | D74: =IF(ISERROR(VLOOKUP(C74,일용직명단!$A$3:$K$1246,3,FALSE())),0,VLOOKUP(C74,일용직명단!$A$3:$K$1246,3,FALSE())) -> 0 | E74: =IF(ISERROR(VLOOKUP(C74,일용직명단!$A$3:$K$1246,4,FALSE())),0,VLOOKUP(C74,일용직명단!$A$3:$K$1246,4,FALSE())) -> 0 | V74: =SUM(F74:U75) -> 0 | W74: =IF(ISERROR(VLOOKUP(C74,일용직명단!$A$3:$K$1246,8,FALSE())),0,VLOOKUP(C74,일용직명단!$A$3:$K$1246,8,FALSE())) -> 0 | X74: =IFERROR(IF(AG74>=65,0,ROUNDDOWN(W75*$Z$4,-1)),0) -> 0 | Y74: =IF(AE74>=8,ROUNDDOWN(W75*$M$4,-1),0) -> 0 | Z74: =IFERROR(IF(AND(COUNT(F74:U75)>=8,$AG74<60,W75<=5530000),ROUNDDOWN(ROUNDDOWN(W75,-3)*4.5%,-1),IF(AND(COUNT(F74:U75)>=8,AG74<60,W75>5530000),248850,0)),0) -> 0 | AA74: =+X74+Y74+X75+Y75+Z74+Z75 -> 0 | AB74: =W75-AA74 -> 0 | AC74: =IF(ISERROR(VLOOKUP(C74,일용직명단!$A$3:$I$1226,5,FALSE())),0,VLOOKUP(C74,일용직명단!$A$3:$I$1226,5,FALSE())) -> 0 | AD74: =IF(ISERROR(VLOOKUP(C74,일용직명단!$A$3:$I$1226,6,FALSE())),0,VLOOKUP(C74,일용직명단!$A$3:$I$1226,6,FALSE())) -> 0 | AE74: =COUNT(F74:U75) -> 0 | AF74: =IF(OR(MID(D74,8,1)="1",MID(D74,8,1)="2"),19&LEFT(D74,2),20&LEFT(D74,2))&"-"&MID(D74,3,2)&"-"&MID(D74,5,2) -> 200-- | AG74: =INT((TODAY()-AF74)/365.25) -> #VALUE! | AH74: =ROUNDDOWN(SUM(AI74:AX75),-1) -> 0 | AI74: =IF($W74*F74>150000,($W74*F74-150000)*6%*45%,0) -> 0 | AJ74: =IF($W74*G74>150000,($W74*G74-150000)*6%*45%,0) -> 0 | AK74: =IF($W74*H74>150000,($W74*H74-150000)*6%*45%,0) -> 0 | AL74: =IF($W74*I74>150000,($W74*I74-150000)*6%*45%,0) -> 0 | AM74: =IF($W74*J74>150000,($W74*J74-150000)*6%*45%,0) -> 0 | AN74: =IF($W74*K74>150000,($W74*K74-150000)*6%*45%,0) -> 0 | AO74: =IF($W74*L74>150000,($W74*L74-150000)*6%*45%,0) -> 0 | AP74: =IF($W74*M74>150000,($W74*M74-150000)*6%*45%,0) -> 0 | ... AW74: =IF($W74*T74>150000,($W74*T74-150000)*6%*45%,0) -> 0 | AY74: =IF(ISERROR(VLOOKUP(C74,[26]일용직명단!$A$3:$M$1151,11,FALSE())),0,VLOOKUP(C74,[26]일용직명단!$A$3:$M$1151,11,FALSE())) -> 0
E75: =IF(ISERROR(VLOOKUP(C74,일용직명단!$A$3:$K$1246,9,FALSE())),0,VLOOKUP(C74,일용직명단!$A$3:$K$1246,9,FALSE())) -> 0 | W75: =W74*V74 -> 0 | X75: =IF(AH74<1000,0,AH74) -> 0 | Y75: =ROUNDDOWN(X75*10%,-1) -> 0 | Z75: =IF(AE74>=8,ROUNDDOWN(Y74*$Q$4,-1),0) -> 0 | AC75: =IF(ISERROR(VLOOKUP(C74,일용직명단!$A$3:$I$1226,7,FALSE())),0,VLOOKUP(C74,일용직명단!$A$3:$I$1226,7,FALSE())) -> 0 | AI75: =IF($W74*F75>150000,($W74*F75-150000)*6%*45%,0) -> 0 | AJ75: =IF($W74*G75>150000,($W74*G75-150000)*6%*45%,0) -> 0 | AK75: =IF($W74*H75>150000,($W74*H75-150000)*6%*45%,0) -> 0 | AL75: =IF($W74*I75>150000,($W74*I75-150000)*6%*45%,0) -> 0 | AM75: =IF($W74*J75>150000,($W74*J75-150000)*6%*45%,0) -> 0 | AN75: =IF($W74*K75>150000,($W74*K75-150000)*6%*45%,0) -> 0 | AO75: =IF($W74*L75>150000,($W74*L75-150000)*6%*45%,0) -> 0 | AP75: =IF($W74*M75>150000,($W74*M75-150000)*6%*45%,0) -> 0 | ... AX75: =IF($W74*U75>150000,($W74*U75-150000)*6%*45%,0) -> 0
A76: =A74+1 -> 34 | B76: =IF(ISERROR(VLOOKUP(C76,일용직명단!$A$3:$I$104,2,FALSE())),0,VLOOKUP(C76,일용직명단!$A$3:$I$104,2,FALSE())) -> 0 | D76: =IF(ISERROR(VLOOKUP(C76,일용직명단!$A$3:$K$1246,3,FALSE())),0,VLOOKUP(C76,일용직명단!$A$3:$K$1246,3,FALSE())) -> 0 | E76: =IF(ISERROR(VLOOKUP(C76,일용직명단!$A$3:$K$1246,4,FALSE())),0,VLOOKUP(C76,일용직명단!$A$3:$K$1246,4,FALSE())) -> 0 | V76: =SUM(F76:U77) -> 0 | W76: =IF(ISERROR(VLOOKUP(C76,일용직명단!$A$3:$K$1246,8,FALSE())),0,VLOOKUP(C76,일용직명단!$A$3:$K$1246,8,FALSE())) -> 0 | X76: =IFERROR(IF(AG76>=65,0,ROUNDDOWN(W77*$Z$4,-1)),0) -> 0 | Y76: =IF(AE76>=8,ROUNDDOWN(W77*$M$4,-1),0) -> 0 | Z76: =IFERROR(IF(AND(COUNT(F76:U77)>=8,$AG76<60,W77<=5530000),ROUNDDOWN(ROUNDDOWN(W77,-3)*4.5%,-1),IF(AND(COUNT(F76:U77)>=8,AG76<60,W77>5530000),248850,0)),0) -> 0 | AA76: =+X76+Y76+X77+Y77+Z76+Z77 -> 0 | AB76: =W77-AA76 -> 0 | AC76: =IF(ISERROR(VLOOKUP(C76,일용직명단!$A$3:$I$1226,5,FALSE())),0,VLOOKUP(C76,일용직명단!$A$3:$I$1226,5,FALSE())) -> 0 | AD76: =IF(ISERROR(VLOOKUP(C76,일용직명단!$A$3:$I$1226,6,FALSE())),0,VLOOKUP(C76,일용직명단!$A$3:$I$1226,6,FALSE())) -> 0 | AE76: =COUNT(F76:U77) -> 0 | AF76: =IF(OR(MID(D76,8,1)="1",MID(D76,8,1)="2"),19&LEFT(D76,2),20&LEFT(D76,2))&"-"&MID(D76,3,2)&"-"&MID(D76,5,2) -> 200-- | AG76: =INT((TODAY()-AF76)/365.25) -> #VALUE! | AH76: =ROUNDDOWN(SUM(AI76:AX77),-1) -> 0 | AI76: =IF($W76*F76>150000,($W76*F76-150000)*6%*45%,0) -> 0 | AJ76: =IF($W76*G76>150000,($W76*G76-150000)*6%*45%,0) -> 0 | AK76: =IF($W76*H76>150000,($W76*H76-150000)*6%*45%,0) -> 0 | AL76: =IF($W76*I76>150000,($W76*I76-150000)*6%*45%,0) -> 0 | AM76: =IF($W76*J76>150000,($W76*J76-150000)*6%*45%,0) -> 0 | AN76: =IF($W76*K76>150000,($W76*K76-150000)*6%*45%,0) -> 0 | AO76: =IF($W76*L76>150000,($W76*L76-150000)*6%*45%,0) -> 0 | AP76: =IF($W76*M76>150000,($W76*M76-150000)*6%*45%,0) -> 0 | ... AW76: =IF($W76*T76>150000,($W76*T76-150000)*6%*45%,0) -> 0 | AY76: =IF(ISERROR(VLOOKUP(C76,[26]일용직명단!$A$3:$M$1151,11,FALSE())),0,VLOOKUP(C76,[26]일용직명단!$A$3:$M$1151,11,FALSE())) -> 0
E77: =IF(ISERROR(VLOOKUP(C76,일용직명단!$A$3:$K$1246,9,FALSE())),0,VLOOKUP(C76,일용직명단!$A$3:$K$1246,9,FALSE())) -> 0 | W77: =W76*V76 -> 0 | X77: =IF(AH76<1000,0,AH76) -> 0 | Y77: =ROUNDDOWN(X77*10%,-1) -> 0 | Z77: =IF(AE76>=8,ROUNDDOWN(Y76*$Q$4,-1),0) -> 0 | AC77: =IF(ISERROR(VLOOKUP(C76,일용직명단!$A$3:$I$1226,7,FALSE())),0,VLOOKUP(C76,일용직명단!$A$3:$I$1226,7,FALSE())) -> 0 | AI77: =IF($W76*F77>150000,($W76*F77-150000)*6%*45%,0) -> 0 | AJ77: =IF($W76*G77>150000,($W76*G77-150000)*6%*45%,0) -> 0 | AK77: =IF($W76*H77>150000,($W76*H77-150000)*6%*45%,0) -> 0 | AL77: =IF($W76*I77>150000,($W76*I77-150000)*6%*45%,0) -> 0 | AM77: =IF($W76*J77>150000,($W76*J77-150000)*6%*45%,0) -> 0 | AN77: =IF($W76*K77>150000,($W76*K77-150000)*6%*45%,0) -> 0 | AO77: =IF($W76*L77>150000,($W76*L77-150000)*6%*45%,0) -> 0 | AP77: =IF($W76*M77>150000,($W76*M77-150000)*6%*45%,0) -> 0 | ... AX77: =IF($W76*U77>150000,($W76*U77-150000)*6%*45%,0) -> 0
A78: =A76+1 -> 35 | B78: =IF(ISERROR(VLOOKUP(C78,일용직명단!$A$3:$I$104,2,FALSE())),0,VLOOKUP(C78,일용직명단!$A$3:$I$104,2,FALSE())) -> 0 | D78: =IF(ISERROR(VLOOKUP(C78,일용직명단!$A$3:$K$1246,3,FALSE())),0,VLOOKUP(C78,일용직명단!$A$3:$K$1246,3,FALSE())) -> 0 | E78: =IF(ISERROR(VLOOKUP(C78,일용직명단!$A$3:$K$1246,4,FALSE())),0,VLOOKUP(C78,일용직명단!$A$3:$K$1246,4,FALSE())) -> 0 | V78: =SUM(F78:U79) -> 0 | W78: =IF(ISERROR(VLOOKUP(C78,일용직명단!$A$3:$K$1246,8,FALSE())),0,VLOOKUP(C78,일용직명단!$A$3:$K$1246,8,FALSE())) -> 0 | X78: =IFERROR(IF(AG78>=65,0,ROUNDDOWN(W79*$Z$4,-1)),0) -> 0 | Y78: =IF(AE78>=8,ROUNDDOWN(W79*$M$4,-1),0) -> 0 | Z78: =IFERROR(IF(AND(COUNT(F78:U79)>=8,$AG78<60,W79<=5530000),ROUNDDOWN(ROUNDDOWN(W79,-3)*4.5%,-1),IF(AND(COUNT(F78:U79)>=8,AG78<60,W79>5530000),248850,0)),0) -> 0 | AA78: =+X78+Y78+X79+Y79+Z78+Z79 -> 0 | AB78: =W79-AA78 -> 0 | AC78: =IF(ISERROR(VLOOKUP(C78,일용직명단!$A$3:$I$1226,5,FALSE())),0,VLOOKUP(C78,일용직명단!$A$3:$I$1226,5,FALSE())) -> 0 | AD78: =IF(ISERROR(VLOOKUP(C78,일용직명단!$A$3:$I$1226,6,FALSE())),0,VLOOKUP(C78,일용직명단!$A$3:$I$1226,6,FALSE())) -> 0 | AE78: =COUNT(F78:U79) -> 0 | AF78: =IF(OR(MID(D78,8,1)="1",MID(D78,8,1)="2"),19&LEFT(D78,2),20&LEFT(D78,2))&"-"&MID(D78,3,2)&"-"&MID(D78,5,2) -> 200-- | AG78: =INT((TODAY()-AF78)/365.25) -> #VALUE! | AH78: =ROUNDDOWN(SUM(AI78:AX79),-1) -> 0 | AI78: =IF($W78*F78>150000,($W78*F78-150000)*6%*45%,0) -> 0 | AJ78: =IF($W78*G78>150000,($W78*G78-150000)*6%*45%,0) -> 0 | AK78: =IF($W78*H78>150000,($W78*H78-150000)*6%*45%,0) -> 0 | AL78: =IF($W78*I78>150000,($W78*I78-150000)*6%*45%,0) -> 0 | AM78: =IF($W78*J78>150000,($W78*J78-150000)*6%*45%,0) -> 0 | AN78: =IF($W78*K78>150000,($W78*K78-150000)*6%*45%,0) -> 0 | AO78: =IF($W78*L78>150000,($W78*L78-150000)*6%*45%,0) -> 0 | AP78: =IF($W78*M78>150000,($W78*M78-150000)*6%*45%,0) -> 0 | ... AW78: =IF($W78*T78>150000,($W78*T78-150000)*6%*45%,0) -> 0 | AY78: =IF(ISERROR(VLOOKUP(C78,[26]일용직명단!$A$3:$M$1151,11,FALSE())),0,VLOOKUP(C78,[26]일용직명단!$A$3:$M$1151,11,FALSE())) -> 0
E79: =IF(ISERROR(VLOOKUP(C78,일용직명단!$A$3:$K$1246,9,FALSE())),0,VLOOKUP(C78,일용직명단!$A$3:$K$1246,9,FALSE())) -> 0 | W79: =W78*V78 -> 0 | X79: =IF(AH78<1000,0,AH78) -> 0 | Y79: =ROUNDDOWN(X79*10%,-1) -> 0 | Z79: =IF(AE78>=8,ROUNDDOWN(Y78*$Q$4,-1),0) -> 0 | AC79: =IF(ISERROR(VLOOKUP(C78,일용직명단!$A$3:$I$1226,7,FALSE())),0,VLOOKUP(C78,일용직명단!$A$3:$I$1226,7,FALSE())) -> 0 | AI79: =IF($W78*F79>150000,($W78*F79-150000)*6%*45%,0) -> 0 | AJ79: =IF($W78*G79>150000,($W78*G79-150000)*6%*45%,0) -> 0 | AK79: =IF($W78*H79>150000,($W78*H79-150000)*6%*45%,0) -> 0 | AL79: =IF($W78*I79>150000,($W78*I79-150000)*6%*45%,0) -> 0 | AM79: =IF($W78*J79>150000,($W78*J79-150000)*6%*45%,0) -> 0 | AN79: =IF($W78*K79>150000,($W78*K79-150000)*6%*45%,0) -> 0 | AO79: =IF($W78*L79>150000,($W78*L79-150000)*6%*45%,0) -> 0 | AP79: =IF($W78*M79>150000,($W78*M79-150000)*6%*45%,0) -> 0 | ... AX79: =IF($W78*U79>150000,($W78*U79-150000)*6%*45%,0) -> 0
A80: =A78+1 -> 36 | B80: =IF(ISERROR(VLOOKUP(C80,일용직명단!$A$3:$I$104,2,FALSE())),0,VLOOKUP(C80,일용직명단!$A$3:$I$104,2,FALSE())) -> 0 | D80: =IF(ISERROR(VLOOKUP(C80,일용직명단!$A$3:$K$1246,3,FALSE())),0,VLOOKUP(C80,일용직명단!$A$3:$K$1246,3,FALSE())) -> 0 | E80: =IF(ISERROR(VLOOKUP(C80,일용직명단!$A$3:$K$1246,4,FALSE())),0,VLOOKUP(C80,일용직명단!$A$3:$K$1246,4,FALSE())) -> 0 | V80: =SUM(F80:U81) -> 0 | W80: =IF(ISERROR(VLOOKUP(C80,일용직명단!$A$3:$K$1246,8,FALSE())),0,VLOOKUP(C80,일용직명단!$A$3:$K$1246,8,FALSE())) -> 0 | X80: =IFERROR(IF(AG80>=65,0,ROUNDDOWN(W81*$Z$4,-1)),0) -> 0 | Y80: =IF(AE80>=8,ROUNDDOWN(W81*$M$4,-1),0) -> 0 | Z80: =IFERROR(IF(AND(COUNT(F80:U81)>=8,$AG80<60,W81<=5530000),ROUNDDOWN(ROUNDDOWN(W81,-3)*4.5%,-1),IF(AND(COUNT(F80:U81)>=8,AG80<60,W81>5530000),248850,0)),0) -> 0 | AA80: =+X80+Y80+X81+Y81+Z80+Z81 -> 0 | AB80: =W81-AA80 -> 0 | AC80: =IF(ISERROR(VLOOKUP(C80,일용직명단!$A$3:$I$1226,5,FALSE())),0,VLOOKUP(C80,일용직명단!$A$3:$I$1226,5,FALSE())) -> 0 | AD80: =IF(ISERROR(VLOOKUP(C80,일용직명단!$A$3:$I$1226,6,FALSE())),0,VLOOKUP(C80,일용직명단!$A$3:$I$1226,6,FALSE())) -> 0 | AE80: =COUNT(F80:U81) -> 0 | AF80: =IF(OR(MID(D80,8,1)="1",MID(D80,8,1)="2"),19&LEFT(D80,2),20&LEFT(D80,2))&"-"&MID(D80,3,2)&"-"&MID(D80,5,2) -> 200-- | AG80: =INT((TODAY()-AF80)/365.25) -> #VALUE! | AH80: =ROUNDDOWN(SUM(AI80:AX81),-1) -> 0 | AI80: =IF($W80*F80>150000,($W80*F80-150000)*6%*45%,0) -> 0 | AJ80: =IF($W80*G80>150000,($W80*G80-150000)*6%*45%,0) -> 0 | AK80: =IF($W80*H80>150000,($W80*H80-150000)*6%*45%,0) -> 0 | AL80: =IF($W80*I80>150000,($W80*I80-150000)*6%*45%,0) -> 0 | AM80: =IF($W80*J80>150000,($W80*J80-150000)*6%*45%,0) -> 0 | AN80: =IF($W80*K80>150000,($W80*K80-150000)*6%*45%,0) -> 0 | AO80: =IF($W80*L80>150000,($W80*L80-150000)*6%*45%,0) -> 0 | AP80: =IF($W80*M80>150000,($W80*M80-150000)*6%*45%,0) -> 0 | ... AW80: =IF($W80*T80>150000,($W80*T80-150000)*6%*45%,0) -> 0 | AY80: =IF(ISERROR(VLOOKUP(C80,[26]일용직명단!$A$3:$M$1151,11,FALSE())),0,VLOOKUP(C80,[26]일용직명단!$A$3:$M$1151,11,FALSE())) -> 0
E81: =IF(ISERROR(VLOOKUP(C80,일용직명단!$A$3:$K$1246,9,FALSE())),0,VLOOKUP(C80,일용직명단!$A$3:$K$1246,9,FALSE())) -> 0 | W81: =W80*V80 -> 0 | X81: =IF(AH80<1000,0,AH80) -> 0 | Y81: =ROUNDDOWN(X81*10%,-1) -> 0 | Z81: =IF(AE80>=8,ROUNDDOWN(Y80*$Q$4,-1),0) -> 0 | AC81: =IF(ISERROR(VLOOKUP(C80,일용직명단!$A$3:$I$1226,7,FALSE())),0,VLOOKUP(C80,일용직명단!$A$3:$I$1226,7,FALSE())) -> 0 | AI81: =IF($W80*F81>150000,($W80*F81-150000)*6%*45%,0) -> 0 | AJ81: =IF($W80*G81>150000,($W80*G81-150000)*6%*45%,0) -> 0 | AK81: =IF($W80*H81>150000,($W80*H81-150000)*6%*45%,0) -> 0 | AL81: =IF($W80*I81>150000,($W80*I81-150000)*6%*45%,0) -> 0 | AM81: =IF($W80*J81>150000,($W80*J81-150000)*6%*45%,0) -> 0 | AN81: =IF($W80*K81>150000,($W80*K81-150000)*6%*45%,0) -> 0 | AO81: =IF($W80*L81>150000,($W80*L81-150000)*6%*45%,0) -> 0 | AP81: =IF($W80*M81>150000,($W80*M81-150000)*6%*45%,0) -> 0 | ... AX81: =IF($W80*U81>150000,($W80*U81-150000)*6%*45%,0) -> 0
A82: =A80+1 -> 37 | B82: =IF(ISERROR(VLOOKUP(C82,일용직명단!$A$3:$I$104,2,FALSE())),0,VLOOKUP(C82,일용직명단!$A$3:$I$104,2,FALSE())) -> 0 | D82: =IF(ISERROR(VLOOKUP(C82,일용직명단!$A$3:$K$1246,3,FALSE())),0,VLOOKUP(C82,일용직명단!$A$3:$K$1246,3,FALSE())) -> 0 | E82: =IF(ISERROR(VLOOKUP(C82,일용직명단!$A$3:$K$1246,4,FALSE())),0,VLOOKUP(C82,일용직명단!$A$3:$K$1246,4,FALSE())) -> 0 | V82: =SUM(F82:U83) -> 0 | W82: =IF(ISERROR(VLOOKUP(C82,일용직명단!$A$3:$K$1246,8,FALSE())),0,VLOOKUP(C82,일용직명단!$A$3:$K$1246,8,FALSE())) -> 0 | X82: =IFERROR(IF(AG82>=65,0,ROUNDDOWN(W83*$Z$4,-1)),0) -> 0 | Y82: =IF(AE82>=8,ROUNDDOWN(W83*$M$4,-1),0) -> 0 | Z82: =IFERROR(IF(AND(COUNT(F82:U83)>=8,$AG82<60,W83<=5530000),ROUNDDOWN(ROUNDDOWN(W83,-3)*4.5%,-1),IF(AND(COUNT(F82:U83)>=8,AG82<60,W83>5530000),248850,0)),0) -> 0 | AA82: =+X82+Y82+X83+Y83+Z82+Z83 -> 0 | AB82: =W83-AA82 -> 0 | AC82: =IF(ISERROR(VLOOKUP(C82,일용직명단!$A$3:$I$1226,5,FALSE())),0,VLOOKUP(C82,일용직명단!$A$3:$I$1226,5,FALSE())) -> 0 | AD82: =IF(ISERROR(VLOOKUP(C82,일용직명단!$A$3:$I$1226,6,FALSE())),0,VLOOKUP(C82,일용직명단!$A$3:$I$1226,6,FALSE())) -> 0 | AE82: =COUNT(F82:U83) -> 0 | AF82: =IF(OR(MID(D82,8,1)="1",MID(D82,8,1)="2"),19&LEFT(D82,2),20&LEFT(D82,2))&"-"&MID(D82,3,2)&"-"&MID(D82,5,2) -> 200-- | AG82: =INT((TODAY()-AF82)/365.25) -> #VALUE! | AH82: =ROUNDDOWN(SUM(AI82:AX83),-1) -> 0 | AI82: =IF($W82*F82>150000,($W82*F82-150000)*6%*45%,0) -> 0 | AJ82: =IF($W82*G82>150000,($W82*G82-150000)*6%*45%,0) -> 0 | AK82: =IF($W82*H82>150000,($W82*H82-150000)*6%*45%,0) -> 0 | AL82: =IF($W82*I82>150000,($W82*I82-150000)*6%*45%,0) -> 0 | AM82: =IF($W82*J82>150000,($W82*J82-150000)*6%*45%,0) -> 0 | AN82: =IF($W82*K82>150000,($W82*K82-150000)*6%*45%,0) -> 0 | AO82: =IF($W82*L82>150000,($W82*L82-150000)*6%*45%,0) -> 0 | AP82: =IF($W82*M82>150000,($W82*M82-150000)*6%*45%,0) -> 0 | ... AW82: =IF($W82*T82>150000,($W82*T82-150000)*6%*45%,0) -> 0 | AY82: =IF(ISERROR(VLOOKUP(C82,[26]일용직명단!$A$3:$M$1151,11,FALSE())),0,VLOOKUP(C82,[26]일용직명단!$A$3:$M$1151,11,FALSE())) -> 0
E83: =IF(ISERROR(VLOOKUP(C82,일용직명단!$A$3:$K$1246,9,FALSE())),0,VLOOKUP(C82,일용직명단!$A$3:$K$1246,9,FALSE())) -> 0 | W83: =W82*V82 -> 0 | X83: =IF(AH82<1000,0,AH82) -> 0 | Y83: =ROUNDDOWN(X83*10%,-1) -> 0 | Z83: =IF(AE82>=8,ROUNDDOWN(Y82*$Q$4,-1),0) -> 0 | AC83: =IF(ISERROR(VLOOKUP(C82,일용직명단!$A$3:$I$1226,7,FALSE())),0,VLOOKUP(C82,일용직명단!$A$3:$I$1226,7,FALSE())) -> 0 | AI83: =IF($W82*F83>150000,($W82*F83-150000)*6%*45%,0) -> 0 | AJ83: =IF($W82*G83>150000,($W82*G83-150000)*6%*45%,0) -> 0 | AK83: =IF($W82*H83>150000,($W82*H83-150000)*6%*45%,0) -> 0 | AL83: =IF($W82*I83>150000,($W82*I83-150000)*6%*45%,0) -> 0 | AM83: =IF($W82*J83>150000,($W82*J83-150000)*6%*45%,0) -> 0 | AN83: =IF($W82*K83>150000,($W82*K83-150000)*6%*45%,0) -> 0 | AO83: =IF($W82*L83>150000,($W82*L83-150000)*6%*45%,0) -> 0 | AP83: =IF($W82*M83>150000,($W82*M83-150000)*6%*45%,0) -> 0 | ... AX83: =IF($W82*U83>150000,($W82*U83-150000)*6%*45%,0) -> 0
A84: =A82+1 -> 38 | B84: =IF(ISERROR(VLOOKUP(C84,일용직명단!$A$3:$I$104,2,FALSE())),0,VLOOKUP(C84,일용직명단!$A$3:$I$104,2,FALSE())) -> 0 | D84: =IF(ISERROR(VLOOKUP(C84,일용직명단!$A$3:$K$1246,3,FALSE())),0,VLOOKUP(C84,일용직명단!$A$3:$K$1246,3,FALSE())) -> 0 | E84: =IF(ISERROR(VLOOKUP(C84,일용직명단!$A$3:$K$1246,4,FALSE())),0,VLOOKUP(C84,일용직명단!$A$3:$K$1246,4,FALSE())) -> 0 | V84: =SUM(F84:U85) -> 0 | W84: =IF(ISERROR(VLOOKUP(C84,일용직명단!$A$3:$K$1246,8,FALSE())),0,VLOOKUP(C84,일용직명단!$A$3:$K$1246,8,FALSE())) -> 0 | X84: =IFERROR(IF(AG84>=65,0,ROUNDDOWN(W85*$Z$4,-1)),0) -> 0 | Y84: =IF(AE84>=8,ROUNDDOWN(W85*$M$4,-1),0) -> 0 | Z84: =IFERROR(IF(AND(COUNT(F84:U85)>=8,$AG84<60,W85<=5530000),ROUNDDOWN(ROUNDDOWN(W85,-3)*4.5%,-1),IF(AND(COUNT(F84:U85)>=8,AG84<60,W85>5530000),248850,0)),0) -> 0 | AA84: =+X84+Y84+X85+Y85+Z84+Z85 -> 0 | AB84: =W85-AA84 -> 0 | AC84: =IF(ISERROR(VLOOKUP(C84,일용직명단!$A$3:$I$1226,5,FALSE())),0,VLOOKUP(C84,일용직명단!$A$3:$I$1226,5,FALSE())) -> 0 | AD84: =IF(ISERROR(VLOOKUP(C84,일용직명단!$A$3:$I$1226,6,FALSE())),0,VLOOKUP(C84,일용직명단!$A$3:$I$1226,6,FALSE())) -> 0 | AE84: =COUNT(F84:U85) -> 0 | AF84: =IF(OR(MID(D84,8,1)="1",MID(D84,8,1)="2"),19&LEFT(D84,2),20&LEFT(D84,2))&"-"&MID(D84,3,2)&"-"&MID(D84,5,2) -> 200-- | AG84: =INT((TODAY()-AF84)/365.25) -> #VALUE! | AH84: =ROUNDDOWN(SUM(AI84:AX85),-1) -> 0 | AI84: =IF($W84*F84>150000,($W84*F84-150000)*6%*45%,0) -> 0 | AJ84: =IF($W84*G84>150000,($W84*G84-150000)*6%*45%,0) -> 0 | AK84: =IF($W84*H84>150000,($W84*H84-150000)*6%*45%,0) -> 0 | AL84: =IF($W84*I84>150000,($W84*I84-150000)*6%*45%,0) -> 0 | AM84: =IF($W84*J84>150000,($W84*J84-150000)*6%*45%,0) -> 0 | AN84: =IF($W84*K84>150000,($W84*K84-150000)*6%*45%,0) -> 0 | AO84: =IF($W84*L84>150000,($W84*L84-150000)*6%*45%,0) -> 0 | AP84: =IF($W84*M84>150000,($W84*M84-150000)*6%*45%,0) -> 0 | ... AW84: =IF($W84*T84>150000,($W84*T84-150000)*6%*45%,0) -> 0 | AY84: =IF(ISERROR(VLOOKUP(C84,[26]일용직명단!$A$3:$M$1151,11,FALSE())),0,VLOOKUP(C84,[26]일용직명단!$A$3:$M$1151,11,FALSE())) -> 0
E85: =IF(ISERROR(VLOOKUP(C84,일용직명단!$A$3:$K$1246,9,FALSE())),0,VLOOKUP(C84,일용직명단!$A$3:$K$1246,9,FALSE())) -> 0 | W85: =W84*V84 -> 0 | X85: =IF(AH84<1000,0,AH84) -> 0 | Y85: =ROUNDDOWN(X85*10%,-1) -> 0 | Z85: =IF(AE84>=8,ROUNDDOWN(Y84*$Q$4,-1),0) -> 0 | AC85: =IF(ISERROR(VLOOKUP(C84,일용직명단!$A$3:$I$1226,7,FALSE())),0,VLOOKUP(C84,일용직명단!$A$3:$I$1226,7,FALSE())) -> 0 | AI85: =IF($W84*F85>150000,($W84*F85-150000)*6%*45%,0) -> 0 | AJ85: =IF($W84*G85>150000,($W84*G85-150000)*6%*45%,0) -> 0 | AK85: =IF($W84*H85>150000,($W84*H85-150000)*6%*45%,0) -> 0 | AL85: =IF($W84*I85>150000,($W84*I85-150000)*6%*45%,0) -> 0 | AM85: =IF($W84*J85>150000,($W84*J85-150000)*6%*45%,0) -> 0 | AN85: =IF($W84*K85>150000,($W84*K85-150000)*6%*45%,0) -> 0 | AO85: =IF($W84*L85>150000,($W84*L85-150000)*6%*45%,0) -> 0 | AP85: =IF($W84*M85>150000,($W84*M85-150000)*6%*45%,0) -> 0 | ... AX85: =IF($W84*U85>150000,($W84*U85-150000)*6%*45%,0) -> 0
A86: =A84+1 -> 39 | B86: =IF(ISERROR(VLOOKUP(C86,일용직명단!$A$3:$I$104,2,FALSE())),0,VLOOKUP(C86,일용직명단!$A$3:$I$104,2,FALSE())) -> 0 | D86: =IF(ISERROR(VLOOKUP(C86,일용직명단!$A$3:$K$1246,3,FALSE())),0,VLOOKUP(C86,일용직명단!$A$3:$K$1246,3,FALSE())) -> 0 | E86: =IF(ISERROR(VLOOKUP(C86,일용직명단!$A$3:$K$1246,4,FALSE())),0,VLOOKUP(C86,일용직명단!$A$3:$K$1246,4,FALSE())) -> 0 | V86: =SUM(F86:U87) -> 0 | W86: =IF(ISERROR(VLOOKUP(C86,일용직명단!$A$3:$K$1246,8,FALSE())),0,VLOOKUP(C86,일용직명단!$A$3:$K$1246,8,FALSE())) -> 0 | X86: =IFERROR(IF(AG86>=65,0,ROUNDDOWN(W87*$Z$4,-1)),0) -> 0 | Y86: =IF(AE86>=8,ROUNDDOWN(W87*$M$4,-1),0) -> 0 | Z86: =IFERROR(IF(AND(COUNT(F86:U87)>=8,$AG86<60,W87<=5530000),ROUNDDOWN(ROUNDDOWN(W87,-3)*4.5%,-1),IF(AND(COUNT(F86:U87)>=8,AG86<60,W87>5530000),248850,0)),0) -> 0 | AA86: =+X86+Y86+X87+Y87+Z86+Z87 -> 0 | AB86: =W87-AA86 -> 0 | AC86: =IF(ISERROR(VLOOKUP(C86,일용직명단!$A$3:$I$1226,5,FALSE())),0,VLOOKUP(C86,일용직명단!$A$3:$I$1226,5,FALSE())) -> 0 | AD86: =IF(ISERROR(VLOOKUP(C86,일용직명단!$A$3:$I$1226,6,FALSE())),0,VLOOKUP(C86,일용직명단!$A$3:$I$1226,6,FALSE())) -> 0 | AE86: =COUNT(F86:U87) -> 0 | AF86: =IF(OR(MID(D86,8,1)="1",MID(D86,8,1)="2"),19&LEFT(D86,2),20&LEFT(D86,2))&"-"&MID(D86,3,2)&"-"&MID(D86,5,2) -> 200-- | AG86: =INT((TODAY()-AF86)/365.25) -> #VALUE! | AH86: =ROUNDDOWN(SUM(AI86:AX87),-1) -> 0 | AI86: =IF($W86*F86>150000,($W86*F86-150000)*6%*45%,0) -> 0 | AJ86: =IF($W86*G86>150000,($W86*G86-150000)*6%*45%,0) -> 0 | AK86: =IF($W86*H86>150000,($W86*H86-150000)*6%*45%,0) -> 0 | AL86: =IF($W86*I86>150000,($W86*I86-150000)*6%*45%,0) -> 0 | AM86: =IF($W86*J86>150000,($W86*J86-150000)*6%*45%,0) -> 0 | AN86: =IF($W86*K86>150000,($W86*K86-150000)*6%*45%,0) -> 0 | AO86: =IF($W86*L86>150000,($W86*L86-150000)*6%*45%,0) -> 0 | AP86: =IF($W86*M86>150000,($W86*M86-150000)*6%*45%,0) -> 0 | ... AW86: =IF($W86*T86>150000,($W86*T86-150000)*6%*45%,0) -> 0 | AY86: =IF(ISERROR(VLOOKUP(C86,[26]일용직명단!$A$3:$M$1151,11,FALSE())),0,VLOOKUP(C86,[26]일용직명단!$A$3:$M$1151,11,FALSE())) -> 0
E87: =IF(ISERROR(VLOOKUP(C86,일용직명단!$A$3:$K$1246,9,FALSE())),0,VLOOKUP(C86,일용직명단!$A$3:$K$1246,9,FALSE())) -> 0 | W87: =W86*V86 -> 0 | X87: =IF(AH86<1000,0,AH86) -> 0 | Y87: =ROUNDDOWN(X87*10%,-1) -> 0 | Z87: =IF(AE86>=8,ROUNDDOWN(Y86*$Q$4,-1),0) -> 0 | AC87: =IF(ISERROR(VLOOKUP(C86,일용직명단!$A$3:$I$1226,7,FALSE())),0,VLOOKUP(C86,일용직명단!$A$3:$I$1226,7,FALSE())) -> 0 | AI87: =IF($W86*F87>150000,($W86*F87-150000)*6%*45%,0) -> 0 | AJ87: =IF($W86*G87>150000,($W86*G87-150000)*6%*45%,0) -> 0 | AK87: =IF($W86*H87>150000,($W86*H87-150000)*6%*45%,0) -> 0 | AL87: =IF($W86*I87>150000,($W86*I87-150000)*6%*45%,0) -> 0 | AM87: =IF($W86*J87>150000,($W86*J87-150000)*6%*45%,0) -> 0 | AN87: =IF($W86*K87>150000,($W86*K87-150000)*6%*45%,0) -> 0 | AO87: =IF($W86*L87>150000,($W86*L87-150000)*6%*45%,0) -> 0 | AP87: =IF($W86*M87>150000,($W86*M87-150000)*6%*45%,0) -> 0 | ... AX87: =IF($W86*U87>150000,($W86*U87-150000)*6%*45%,0) -> 0
A88: =A86+1 -> 40 | B88: =IF(ISERROR(VLOOKUP(C88,일용직명단!$A$3:$I$104,2,FALSE())),0,VLOOKUP(C88,일용직명단!$A$3:$I$104,2,FALSE())) -> 0 | D88: =IF(ISERROR(VLOOKUP(C88,일용직명단!$A$3:$K$1246,3,FALSE())),0,VLOOKUP(C88,일용직명단!$A$3:$K$1246,3,FALSE())) -> 0 | E88: =IF(ISERROR(VLOOKUP(C88,일용직명단!$A$3:$K$1246,4,FALSE())),0,VLOOKUP(C88,일용직명단!$A$3:$K$1246,4,FALSE())) -> 0 | V88: =SUM(F88:U89) -> 0 | W88: =IF(ISERROR(VLOOKUP(C88,일용직명단!$A$3:$K$1246,8,FALSE())),0,VLOOKUP(C88,일용직명단!$A$3:$K$1246,8,FALSE())) -> 0 | X88: =IFERROR(IF(AG88>=65,0,ROUNDDOWN(W89*$Z$4,-1)),0) -> 0 | Y88: =IF(AE88>=8,ROUNDDOWN(W89*$M$4,-1),0) -> 0 | Z88: =IFERROR(IF(AND(COUNT(F88:U89)>=8,$AG88<60,W89<=5530000),ROUNDDOWN(ROUNDDOWN(W89,-3)*4.5%,-1),IF(AND(COUNT(F88:U89)>=8,AG88<60,W89>5530000),248850,0)),0) -> 0 | AA88: =+X88+Y88+X89+Y89+Z88+Z89 -> 0 | AB88: =W89-AA88 -> 0 | AC88: =IF(ISERROR(VLOOKUP(C88,일용직명단!$A$3:$I$1226,5,FALSE())),0,VLOOKUP(C88,일용직명단!$A$3:$I$1226,5,FALSE())) -> 0 | AD88: =IF(ISERROR(VLOOKUP(C88,일용직명단!$A$3:$I$1226,6,FALSE())),0,VLOOKUP(C88,일용직명단!$A$3:$I$1226,6,FALSE())) -> 0 | AE88: =COUNT(F88:U89) -> 0 | AF88: =IF(OR(MID(D88,8,1)="1",MID(D88,8,1)="2"),19&LEFT(D88,2),20&LEFT(D88,2))&"-"&MID(D88,3,2)&"-"&MID(D88,5,2) -> 200-- | AG88: =INT((TODAY()-AF88)/365.25) -> #VALUE! | AH88: =ROUNDDOWN(SUM(AI88:AX89),-1) -> 0 | AI88: =IF($W88*F88>150000,($W88*F88-150000)*6%*45%,0) -> 0 | AJ88: =IF($W88*G88>150000,($W88*G88-150000)*6%*45%,0) -> 0 | AK88: =IF($W88*H88>150000,($W88*H88-150000)*6%*45%,0) -> 0 | AL88: =IF($W88*I88>150000,($W88*I88-150000)*6%*45%,0) -> 0 | AM88: =IF($W88*J88>150000,($W88*J88-150000)*6%*45%,0) -> 0 | AN88: =IF($W88*K88>150000,($W88*K88-150000)*6%*45%,0) -> 0 | AO88: =IF($W88*L88>150000,($W88*L88-150000)*6%*45%,0) -> 0 | AP88: =IF($W88*M88>150000,($W88*M88-150000)*6%*45%,0) -> 0 | ... AW88: =IF($W88*T88>150000,($W88*T88-150000)*6%*45%,0) -> 0 | AY88: =IF(ISERROR(VLOOKUP(C88,[26]일용직명단!$A$3:$M$1151,11,FALSE())),0,VLOOKUP(C88,[26]일용직명단!$A$3:$M$1151,11,FALSE())) -> 0
E89: =IF(ISERROR(VLOOKUP(C88,일용직명단!$A$3:$K$1246,9,FALSE())),0,VLOOKUP(C88,일용직명단!$A$3:$K$1246,9,FALSE())) -> 0 | W89: =W88*V88 -> 0 | X89: =IF(AH88<1000,0,AH88) -> 0 | Y89: =ROUNDDOWN(X89*10%,-1) -> 0 | Z89: =IF(AE88>=8,ROUNDDOWN(Y88*$Q$4,-1),0) -> 0 | AC89: =IF(ISERROR(VLOOKUP(C88,일용직명단!$A$3:$I$1226,7,FALSE())),0,VLOOKUP(C88,일용직명단!$A$3:$I$1226,7,FALSE())) -> 0 | AI89: =IF($W88*F89>150000,($W88*F89-150000)*6%*45%,0) -> 0 | AJ89: =IF($W88*G89>150000,($W88*G89-150000)*6%*45%,0) -> 0 | AK89: =IF($W88*H89>150000,($W88*H89-150000)*6%*45%,0) -> 0 | AL89: =IF($W88*I89>150000,($W88*I89-150000)*6%*45%,0) -> 0 | AM89: =IF($W88*J89>150000,($W88*J89-150000)*6%*45%,0) -> 0 | AN89: =IF($W88*K89>150000,($W88*K89-150000)*6%*45%,0) -> 0 | AO89: =IF($W88*L89>150000,($W88*L89-150000)*6%*45%,0) -> 0 | AP89: =IF($W88*M89>150000,($W88*M89-150000)*6%*45%,0) -> 0 | ... AX89: =IF($W88*U89>150000,($W88*U89-150000)*6%*45%,0) -> 0
A90: =A88+1 -> 41 | D90: =IF(ISERROR(VLOOKUP(C90,일용직명단!$A$3:$K$1246,3,FALSE())),0,VLOOKUP(C90,일용직명단!$A$3:$K$1246,3,FALSE())) -> 0 | E90: =IF(ISERROR(VLOOKUP(C90,일용직명단!$A$3:$K$1246,4,FALSE())),0,VLOOKUP(C90,일용직명단!$A$3:$K$1246,4,FALSE())) -> 0 | V90: =SUM(F90:U91) -> 0 | W90: =IF(ISERROR(VLOOKUP(C90,일용직명단!$A$3:$K$1246,8,FALSE())),0,VLOOKUP(C90,일용직명단!$A$3:$K$1246,8,FALSE())) -> 0 | X90: =IFERROR(IF(AG90>=65,0,ROUNDDOWN(W91*$Z$4,-1)),0) -> 0 | Y90: =IF(AE90>=8,ROUNDDOWN(W91*$M$4,-1),0) -> 0 | Z90: =IFERROR(IF(AND(COUNT(F90:U91)>=8,$AG90<60,W91<=5530000),ROUNDDOWN(ROUNDDOWN(W91,-3)*4.5%,-1),IF(AND(COUNT(F90:U91)>=8,AG90<60,W91>5530000),248850,0)),0) -> 0 | AA90: =+X90+Y90+X91+Y91+Z90+Z91 -> 0 | AB90: =W91-AA90 -> 0 | AC90: =IF(ISERROR(VLOOKUP(C90,일용직명단!$A$3:$I$1226,5,FALSE())),0,VLOOKUP(C90,일용직명단!$A$3:$I$1226,5,FALSE())) -> 0 | AD90: =IF(ISERROR(VLOOKUP(C90,일용직명단!$A$3:$I$1226,6,FALSE())),0,VLOOKUP(C90,일용직명단!$A$3:$I$1226,6,FALSE())) -> 0 | AE90: =COUNT(F90:U91) -> 0 | AF90: =IF(OR(MID(D90,8,1)="1",MID(D90,8,1)="2"),19&LEFT(D90,2),20&LEFT(D90,2))&"-"&MID(D90,3,2)&"-"&MID(D90,5,2) -> 200-- | AG90: =INT((TODAY()-AF90)/365.25) -> #VALUE! | AH90: =ROUNDDOWN(SUM(AI90:AX91),-1) -> 0 | AI90: =IF($W90*F90>150000,($W90*F90-150000)*6%*45%,0) -> 0 | AJ90: =IF($W90*G90>150000,($W90*G90-150000)*6%*45%,0) -> 0 | AK90: =IF($W90*H90>150000,($W90*H90-150000)*6%*45%,0) -> 0 | AL90: =IF($W90*I90>150000,($W90*I90-150000)*6%*45%,0) -> 0 | AM90: =IF($W90*J90>150000,($W90*J90-150000)*6%*45%,0) -> 0 | AN90: =IF($W90*K90>150000,($W90*K90-150000)*6%*45%,0) -> 0 | AO90: =IF($W90*L90>150000,($W90*L90-150000)*6%*45%,0) -> 0 | AP90: =IF($W90*M90>150000,($W90*M90-150000)*6%*45%,0) -> 0 | ... AW90: =IF($W90*T90>150000,($W90*T90-150000)*6%*45%,0) -> 0 | AY90: =IF(ISERROR(VLOOKUP(C90,[26]일용직명단!$A$3:$M$1151,11,FALSE())),0,VLOOKUP(C90,[26]일용직명단!$A$3:$M$1151,11,FALSE())) -> 0
E91: =IF(ISERROR(VLOOKUP(C90,일용직명단!$A$3:$K$1246,9,FALSE())),0,VLOOKUP(C90,일용직명단!$A$3:$K$1246,9,FALSE())) -> 0 | W91: =W90*V90 -> 0 | X91: =IF(AH90<1000,0,AH90) -> 0 | Y91: =ROUNDDOWN(X91*10%,-1) -> 0 | Z91: =IF(AE90>=8,ROUNDDOWN(Y90*$Q$4,-1),0) -> 0 | AC91: =IF(ISERROR(VLOOKUP(C90,일용직명단!$A$3:$I$1226,7,FALSE())),0,VLOOKUP(C90,일용직명단!$A$3:$I$1226,7,FALSE())) -> 0 | AI91: =IF($W90*F91>150000,($W90*F91-150000)*6%*45%,0) -> 0 | AJ91: =IF($W90*G91>150000,($W90*G91-150000)*6%*45%,0) -> 0 | AK91: =IF($W90*H91>150000,($W90*H91-150000)*6%*45%,0) -> 0 | AL91: =IF($W90*I91>150000,($W90*I91-150000)*6%*45%,0) -> 0 | AM91: =IF($W90*J91>150000,($W90*J91-150000)*6%*45%,0) -> 0 | AN91: =IF($W90*K91>150000,($W90*K91-150000)*6%*45%,0) -> 0 | AO91: =IF($W90*L91>150000,($W90*L91-150000)*6%*45%,0) -> 0 | AP91: =IF($W90*M91>150000,($W90*M91-150000)*6%*45%,0) -> 0 | ... AX91: =IF($W90*U91>150000,($W90*U91-150000)*6%*45%,0) -> 0
A92: =A90+1 -> 42 | B92: =IF(ISERROR(VLOOKUP(C92,일용직명단!$A$3:$I$104,2,FALSE())),0,VLOOKUP(C92,일용직명단!$A$3:$I$104,2,FALSE())) -> 0 | D92: =IF(ISERROR(VLOOKUP(C92,일용직명단!$A$3:$K$1246,3,FALSE())),0,VLOOKUP(C92,일용직명단!$A$3:$K$1246,3,FALSE())) -> 0 | E92: =IF(ISERROR(VLOOKUP(C92,일용직명단!$A$3:$K$1246,4,FALSE())),0,VLOOKUP(C92,일용직명단!$A$3:$K$1246,4,FALSE())) -> 0 | V92: =SUM(F92:U93) -> 0 | W92: =IF(ISERROR(VLOOKUP(C92,일용직명단!$A$3:$K$1246,8,FALSE())),0,VLOOKUP(C92,일용직명단!$A$3:$K$1246,8,FALSE())) -> 0 | X92: =IFERROR(IF(AG92>=65,0,ROUNDDOWN(W93*$Z$4,-1)),0) -> 0 | Y92: =IF(AE92>=8,ROUNDDOWN(W93*$M$4,-1),0) -> 0 | Z92: =IFERROR(IF(AND(COUNT(F92:U93)>=8,$AG92<60,W93<=5530000),ROUNDDOWN(ROUNDDOWN(W93,-3)*4.5%,-1),IF(AND(COUNT(F92:U93)>=8,AG92<60,W93>5530000),248850,0)),0) -> 0 | AA92: =+X92+Y92+X93+Y93+Z92+Z93 -> 0 | AB92: =W93-AA92 -> 0 | AC92: =IF(ISERROR(VLOOKUP(C92,일용직명단!$A$3:$I$1226,5,FALSE())),0,VLOOKUP(C92,일용직명단!$A$3:$I$1226,5,FALSE())) -> 0 | AD92: =IF(ISERROR(VLOOKUP(C92,일용직명단!$A$3:$I$1226,6,FALSE())),0,VLOOKUP(C92,일용직명단!$A$3:$I$1226,6,FALSE())) -> 0 | AE92: =COUNT(F92:U93) -> 0 | AF92: =IF(OR(MID(D92,8,1)="1",MID(D92,8,1)="2"),19&LEFT(D92,2),20&LEFT(D92,2))&"-"&MID(D92,3,2)&"-"&MID(D92,5,2) -> 200-- | AG92: =INT((TODAY()-AF92)/365.25) -> #VALUE! | AH92: =ROUNDDOWN(SUM(AI92:AX93),-1) -> 0 | AI92: =IF($W92*F92>150000,($W92*F92-150000)*6%*45%,0) -> 0 | AJ92: =IF($W92*G92>150000,($W92*G92-150000)*6%*45%,0) -> 0 | AK92: =IF($W92*H92>150000,($W92*H92-150000)*6%*45%,0) -> 0 | AL92: =IF($W92*I92>150000,($W92*I92-150000)*6%*45%,0) -> 0 | AM92: =IF($W92*J92>150000,($W92*J92-150000)*6%*45%,0) -> 0 | AN92: =IF($W92*K92>150000,($W92*K92-150000)*6%*45%,0) -> 0 | AO92: =IF($W92*L92>150000,($W92*L92-150000)*6%*45%,0) -> 0 | AP92: =IF($W92*M92>150000,($W92*M92-150000)*6%*45%,0) -> 0 | ... AW92: =IF($W92*T92>150000,($W92*T92-150000)*6%*45%,0) -> 0 | AY92: =IF(ISERROR(VLOOKUP(C92,[26]일용직명단!$A$3:$M$1151,11,FALSE())),0,VLOOKUP(C92,[26]일용직명단!$A$3:$M$1151,11,FALSE())) -> 0
E93: =IF(ISERROR(VLOOKUP(C92,일용직명단!$A$3:$K$1246,9,FALSE())),0,VLOOKUP(C92,일용직명단!$A$3:$K$1246,9,FALSE())) -> 0 | W93: =W92*V92 -> 0 | X93: =IF(AH92<1000,0,AH92) -> 0 | Y93: =ROUNDDOWN(X93*10%,-1) -> 0 | Z93: =IF(AE92>=8,ROUNDDOWN(Y92*$Q$4,-1),0) -> 0 | AC93: =IF(ISERROR(VLOOKUP(C92,일용직명단!$A$3:$I$1226,7,FALSE())),0,VLOOKUP(C92,일용직명단!$A$3:$I$1226,7,FALSE())) -> 0 | AI93: =IF($W92*F93>150000,($W92*F93-150000)*6%*45%,0) -> 0 | AJ93: =IF($W92*G93>150000,($W92*G93-150000)*6%*45%,0) -> 0 | AK93: =IF($W92*H93>150000,($W92*H93-150000)*6%*45%,0) -> 0 | AL93: =IF($W92*I93>150000,($W92*I93-150000)*6%*45%,0) -> 0 | AM93: =IF($W92*J93>150000,($W92*J93-150000)*6%*45%,0) -> 0 | AN93: =IF($W92*K93>150000,($W92*K93-150000)*6%*45%,0) -> 0 | AO93: =IF($W92*L93>150000,($W92*L93-150000)*6%*45%,0) -> 0 | AP93: =IF($W92*M93>150000,($W92*M93-150000)*6%*45%,0) -> 0 | ... AX93: =IF($W92*U93>150000,($W92*U93-150000)*6%*45%,0) -> 0
A94: =A92+1 -> 43 | B94: =IF(ISERROR(VLOOKUP(C94,일용직명단!$A$3:$I$104,2,FALSE())),0,VLOOKUP(C94,일용직명단!$A$3:$I$104,2,FALSE())) -> 0 | D94: =IF(ISERROR(VLOOKUP(C94,일용직명단!$A$3:$K$1246,3,FALSE())),0,VLOOKUP(C94,일용직명단!$A$3:$K$1246,3,FALSE())) -> 0 | E94: =IF(ISERROR(VLOOKUP(C94,일용직명단!$A$3:$K$1246,4,FALSE())),0,VLOOKUP(C94,일용직명단!$A$3:$K$1246,4,FALSE())) -> 0 | V94: =SUM(F94:U95) -> 0 | W94: =IF(ISERROR(VLOOKUP(C94,일용직명단!$A$3:$K$1246,8,FALSE())),0,VLOOKUP(C94,일용직명단!$A$3:$K$1246,8,FALSE())) -> 0 | X94: =IFERROR(IF(AG94>=65,0,ROUNDDOWN(W95*$Z$4,-1)),0) -> 0 | Y94: =IF(AE94>=8,ROUNDDOWN(W95*$M$4,-1),0) -> 0 | Z94: =IFERROR(IF(AND(COUNT(F94:U95)>=8,$AG94<60,W95<=5530000),ROUNDDOWN(ROUNDDOWN(W95,-3)*4.5%,-1),IF(AND(COUNT(F94:U95)>=8,AG94<60,W95>5530000),248850,0)),0) -> 0 | AA94: =+X94+Y94+X95+Y95+Z94+Z95 -> 0 | AB94: =W95-AA94 -> 0 | AC94: =IF(ISERROR(VLOOKUP(C94,일용직명단!$A$3:$I$1226,5,FALSE())),0,VLOOKUP(C94,일용직명단!$A$3:$I$1226,5,FALSE())) -> 0 | AD94: =IF(ISERROR(VLOOKUP(C94,일용직명단!$A$3:$I$1226,6,FALSE())),0,VLOOKUP(C94,일용직명단!$A$3:$I$1226,6,FALSE())) -> 0 | AE94: =COUNT(F94:U95) -> 0 | AF94: =IF(OR(MID(D94,8,1)="1",MID(D94,8,1)="2"),19&LEFT(D94,2),20&LEFT(D94,2))&"-"&MID(D94,3,2)&"-"&MID(D94,5,2) -> 200-- | AG94: =INT((TODAY()-AF94)/365.25) -> #VALUE! | AH94: =ROUNDDOWN(SUM(AI94:AX95),-1) -> 0 | AI94: =IF($W94*F94>150000,($W94*F94-150000)*6%*45%,0) -> 0 | AJ94: =IF($W94*G94>150000,($W94*G94-150000)*6%*45%,0) -> 0 | AK94: =IF($W94*H94>150000,($W94*H94-150000)*6%*45%,0) -> 0 | AL94: =IF($W94*I94>150000,($W94*I94-150000)*6%*45%,0) -> 0 | AM94: =IF($W94*J94>150000,($W94*J94-150000)*6%*45%,0) -> 0 | AN94: =IF($W94*K94>150000,($W94*K94-150000)*6%*45%,0) -> 0 | AO94: =IF($W94*L94>150000,($W94*L94-150000)*6%*45%,0) -> 0 | AP94: =IF($W94*M94>150000,($W94*M94-150000)*6%*45%,0) -> 0 | ... AW94: =IF($W94*T94>150000,($W94*T94-150000)*6%*45%,0) -> 0 | AY94: =IF(ISERROR(VLOOKUP(C94,[26]일용직명단!$A$3:$M$1151,11,FALSE())),0,VLOOKUP(C94,[26]일용직명단!$A$3:$M$1151,11,FALSE())) -> 0
E95: =IF(ISERROR(VLOOKUP(C94,일용직명단!$A$3:$K$1246,9,FALSE())),0,VLOOKUP(C94,일용직명단!$A$3:$K$1246,9,FALSE())) -> 0 | W95: =W94*V94 -> 0 | X95: =IF(AH94<1000,0,AH94) -> 0 | Y95: =ROUNDDOWN(X95*10%,-1) -> 0 | Z95: =IF(AE94>=8,ROUNDDOWN(Y94*$Q$4,-1),0) -> 0 | AC95: =IF(ISERROR(VLOOKUP(C94,일용직명단!$A$3:$I$1226,7,FALSE())),0,VLOOKUP(C94,일용직명단!$A$3:$I$1226,7,FALSE())) -> 0 | AI95: =IF($W94*F95>150000,($W94*F95-150000)*6%*45%,0) -> 0 | AJ95: =IF($W94*G95>150000,($W94*G95-150000)*6%*45%,0) -> 0 | AK95: =IF($W94*H95>150000,($W94*H95-150000)*6%*45%,0) -> 0 | AL95: =IF($W94*I95>150000,($W94*I95-150000)*6%*45%,0) -> 0 | AM95: =IF($W94*J95>150000,($W94*J95-150000)*6%*45%,0) -> 0 | AN95: =IF($W94*K95>150000,($W94*K95-150000)*6%*45%,0) -> 0 | AO95: =IF($W94*L95>150000,($W94*L95-150000)*6%*45%,0) -> 0 | AP95: =IF($W94*M95>150000,($W94*M95-150000)*6%*45%,0) -> 0 | ... AX95: =IF($W94*U95>150000,($W94*U95-150000)*6%*45%,0) -> 0
A96: =A94+1 -> 44 | B96: =IF(ISERROR(VLOOKUP(C96,일용직명단!$A$3:$I$104,2,FALSE())),0,VLOOKUP(C96,일용직명단!$A$3:$I$104,2,FALSE())) -> 0 | D96: =IF(ISERROR(VLOOKUP(C96,일용직명단!$A$3:$K$1246,3,FALSE())),0,VLOOKUP(C96,일용직명단!$A$3:$K$1246,3,FALSE())) -> 0 | E96: =IF(ISERROR(VLOOKUP(C96,일용직명단!$A$3:$K$1246,4,FALSE())),0,VLOOKUP(C96,일용직명단!$A$3:$K$1246,4,FALSE())) -> 0 | V96: =SUM(F96:U97) -> 0 | W96: =IF(ISERROR(VLOOKUP(C96,일용직명단!$A$3:$K$1246,8,FALSE())),0,VLOOKUP(C96,일용직명단!$A$3:$K$1246,8,FALSE())) -> 0 | X96: =IFERROR(IF(AG96>=65,0,ROUNDDOWN(W97*$Z$4,-1)),0) -> 0 | Y96: =IF(AE96>=8,ROUNDDOWN(W97*$M$4,-1),0) -> 0 | Z96: =IFERROR(IF(AND(COUNT(F96:U97)>=8,$AG96<60,W97<=5530000),ROUNDDOWN(ROUNDDOWN(W97,-3)*4.5%,-1),IF(AND(COUNT(F96:U97)>=8,AG96<60,W97>5530000),248850,0)),0) -> 0 | AA96: =+X96+Y96+X97+Y97+Z96+Z97 -> 0 | AB96: =W97-AA96 -> 0 | AC96: =IF(ISERROR(VLOOKUP(C96,일용직명단!$A$3:$I$1226,5,FALSE())),0,VLOOKUP(C96,일용직명단!$A$3:$I$1226,5,FALSE())) -> 0 | AD96: =IF(ISERROR(VLOOKUP(C96,일용직명단!$A$3:$I$1226,6,FALSE())),0,VLOOKUP(C96,일용직명단!$A$3:$I$1226,6,FALSE())) -> 0 | AE96: =COUNT(F96:U97) -> 0 | AF96: =IF(OR(MID(D96,8,1)="1",MID(D96,8,1)="2"),19&LEFT(D96,2),20&LEFT(D96,2))&"-"&MID(D96,3,2)&"-"&MID(D96,5,2) -> 200-- | AG96: =INT((TODAY()-AF96)/365.25) -> #VALUE! | AH96: =ROUNDDOWN(SUM(AI96:AX97),-1) -> 0 | AI96: =IF($W96*F96>150000,($W96*F96-150000)*6%*45%,0) -> 0 | AJ96: =IF($W96*G96>150000,($W96*G96-150000)*6%*45%,0) -> 0 | AK96: =IF($W96*H96>150000,($W96*H96-150000)*6%*45%,0) -> 0 | AL96: =IF($W96*I96>150000,($W96*I96-150000)*6%*45%,0) -> 0 | AM96: =IF($W96*J96>150000,($W96*J96-150000)*6%*45%,0) -> 0 | AN96: =IF($W96*K96>150000,($W96*K96-150000)*6%*45%,0) -> 0 | AO96: =IF($W96*L96>150000,($W96*L96-150000)*6%*45%,0) -> 0 | AP96: =IF($W96*M96>150000,($W96*M96-150000)*6%*45%,0) -> 0 | ... AW96: =IF($W96*T96>150000,($W96*T96-150000)*6%*45%,0) -> 0 | AY96: =IF(ISERROR(VLOOKUP(C96,[26]일용직명단!$A$3:$M$1151,11,FALSE())),0,VLOOKUP(C96,[26]일용직명단!$A$3:$M$1151,11,FALSE())) -> 0
E97: =IF(ISERROR(VLOOKUP(C96,일용직명단!$A$3:$K$1246,9,FALSE())),0,VLOOKUP(C96,일용직명단!$A$3:$K$1246,9,FALSE())) -> 0 | W97: =W96*V96 -> 0 | X97: =IF(AH96<1000,0,AH96) -> 0 | Y97: =ROUNDDOWN(X97*10%,-1) -> 0 | Z97: =IF(AE96>=8,ROUNDDOWN(Y96*$Q$4,-1),0) -> 0 | AC97: =IF(ISERROR(VLOOKUP(C96,일용직명단!$A$3:$I$1226,7,FALSE())),0,VLOOKUP(C96,일용직명단!$A$3:$I$1226,7,FALSE())) -> 0 | AI97: =IF($W96*F97>150000,($W96*F97-150000)*6%*45%,0) -> 0 | AJ97: =IF($W96*G97>150000,($W96*G97-150000)*6%*45%,0) -> 0 | AK97: =IF($W96*H97>150000,($W96*H97-150000)*6%*45%,0) -> 0 | AL97: =IF($W96*I97>150000,($W96*I97-150000)*6%*45%,0) -> 0 | AM97: =IF($W96*J97>150000,($W96*J97-150000)*6%*45%,0) -> 0 | AN97: =IF($W96*K97>150000,($W96*K97-150000)*6%*45%,0) -> 0 | AO97: =IF($W96*L97>150000,($W96*L97-150000)*6%*45%,0) -> 0 | AP97: =IF($W96*M97>150000,($W96*M97-150000)*6%*45%,0) -> 0 | ... AX97: =IF($W96*U97>150000,($W96*U97-150000)*6%*45%,0) -> 0
A98: =A96+1 -> 45 | B98: =IF(ISERROR(VLOOKUP(C98,일용직명단!$A$3:$I$104,2,FALSE())),0,VLOOKUP(C98,일용직명단!$A$3:$I$104,2,FALSE())) -> 0 | D98: =IF(ISERROR(VLOOKUP(C98,일용직명단!$A$3:$K$1246,3,FALSE())),0,VLOOKUP(C98,일용직명단!$A$3:$K$1246,3,FALSE())) -> 0 | E98: =IF(ISERROR(VLOOKUP(C98,일용직명단!$A$3:$K$1246,4,FALSE())),0,VLOOKUP(C98,일용직명단!$A$3:$K$1246,4,FALSE())) -> 0 | V98: =SUM(F98:U99) -> 0 | W98: =IF(ISERROR(VLOOKUP(C98,일용직명단!$A$3:$K$1246,8,FALSE())),0,VLOOKUP(C98,일용직명단!$A$3:$K$1246,8,FALSE())) -> 0 | X98: =IFERROR(IF(AG98>=65,0,ROUNDDOWN(W99*$Z$4,-1)),0) -> 0 | Y98: =IF(AE98>=8,ROUNDDOWN(W99*$M$4,-1),0) -> 0 | Z98: =IFERROR(IF(AND(COUNT(F98:U99)>=8,$AG98<60,W99<=5530000),ROUNDDOWN(ROUNDDOWN(W99,-3)*4.5%,-1),IF(AND(COUNT(F98:U99)>=8,AG98<60,W99>5530000),248850,0)),0) -> 0 | AA98: =+X98+Y98+X99+Y99+Z98+Z99 -> 0 | AB98: =W99-AA98 -> 0 | AC98: =IF(ISERROR(VLOOKUP(C98,일용직명단!$A$3:$I$1226,5,FALSE())),0,VLOOKUP(C98,일용직명단!$A$3:$I$1226,5,FALSE())) -> 0 | AD98: =IF(ISERROR(VLOOKUP(C98,일용직명단!$A$3:$I$1226,6,FALSE())),0,VLOOKUP(C98,일용직명단!$A$3:$I$1226,6,FALSE())) -> 0 | AE98: =COUNT(F98:U99) -> 0 | AF98: =IF(OR(MID(D98,8,1)="1",MID(D98,8,1)="2"),19&LEFT(D98,2),20&LEFT(D98,2))&"-"&MID(D98,3,2)&"-"&MID(D98,5,2) -> 200-- | AG98: =INT((TODAY()-AF98)/365.25) -> #VALUE! | AH98: =ROUNDDOWN(SUM(AI98:AX99),-1) -> 0 | AI98: =IF($W98*F98>150000,($W98*F98-150000)*6%*45%,0) -> 0 | AJ98: =IF($W98*G98>150000,($W98*G98-150000)*6%*45%,0) -> 0 | AK98: =IF($W98*H98>150000,($W98*H98-150000)*6%*45%,0) -> 0 | AL98: =IF($W98*I98>150000,($W98*I98-150000)*6%*45%,0) -> 0 | AM98: =IF($W98*J98>150000,($W98*J98-150000)*6%*45%,0) -> 0 | AN98: =IF($W98*K98>150000,($W98*K98-150000)*6%*45%,0) -> 0 | AO98: =IF($W98*L98>150000,($W98*L98-150000)*6%*45%,0) -> 0 | AP98: =IF($W98*M98>150000,($W98*M98-150000)*6%*45%,0) -> 0 | ... AW98: =IF($W98*T98>150000,($W98*T98-150000)*6%*45%,0) -> 0 | AY98: =IF(ISERROR(VLOOKUP(C98,[26]일용직명단!$A$3:$M$1151,11,FALSE())),0,VLOOKUP(C98,[26]일용직명단!$A$3:$M$1151,11,FALSE())) -> 0
E99: =IF(ISERROR(VLOOKUP(C98,일용직명단!$A$3:$K$1246,9,FALSE())),0,VLOOKUP(C98,일용직명단!$A$3:$K$1246,9,FALSE())) -> 0 | W99: =W98*V98 -> 0 | X99: =IF(AH98<1000,0,AH98) -> 0 | Y99: =ROUNDDOWN(X99*10%,-1) -> 0 | Z99: =IF(AE98>=8,ROUNDDOWN(Y98*$Q$4,-1),0) -> 0 | AC99: =IF(ISERROR(VLOOKUP(C98,일용직명단!$A$3:$I$1226,7,FALSE())),0,VLOOKUP(C98,일용직명단!$A$3:$I$1226,7,FALSE())) -> 0 | AI99: =IF($W98*F99>150000,($W98*F99-150000)*6%*45%,0) -> 0 | AJ99: =IF($W98*G99>150000,($W98*G99-150000)*6%*45%,0) -> 0 | AK99: =IF($W98*H99>150000,($W98*H99-150000)*6%*45%,0) -> 0 | AL99: =IF($W98*I99>150000,($W98*I99-150000)*6%*45%,0) -> 0 | AM99: =IF($W98*J99>150000,($W98*J99-150000)*6%*45%,0) -> 0 | AN99: =IF($W98*K99>150000,($W98*K99-150000)*6%*45%,0) -> 0 | AO99: =IF($W98*L99>150000,($W98*L99-150000)*6%*45%,0) -> 0 | AP99: =IF($W98*M99>150000,($W98*M99-150000)*6%*45%,0) -> 0 | ... AX99: =IF($W98*U99>150000,($W98*U99-150000)*6%*45%,0) -> 0
A100: =A98+1 -> 46 | B100: =IF(ISERROR(VLOOKUP(C100,일용직명단!$A$3:$I$104,2,FALSE())),0,VLOOKUP(C100,일용직명단!$A$3:$I$104,2,FALSE())) -> 0 | D100: =IF(ISERROR(VLOOKUP(C100,일용직명단!$A$3:$K$1246,3,FALSE())),0,VLOOKUP(C100,일용직명단!$A$3:$K$1246,3,FALSE())) -> 0 | E100: =IF(ISERROR(VLOOKUP(C100,일용직명단!$A$3:$K$1246,4,FALSE())),0,VLOOKUP(C100,일용직명단!$A$3:$K$1246,4,FALSE())) -> 0 | V100: =SUM(F100:U101) -> 0 | W100: =IF(ISERROR(VLOOKUP(C100,일용직명단!$A$3:$K$1246,8,FALSE())),0,VLOOKUP(C100,일용직명단!$A$3:$K$1246,8,FALSE())) -> 0 | X100: =IFERROR(IF(AG100>=65,0,ROUNDDOWN(W101*$Z$4,-1)),0) -> 0 | Y100: =IF(AE100>=8,ROUNDDOWN(W101*$M$4,-1),0) -> 0 | Z100: =IFERROR(IF(AND(COUNT(F100:U101)>=8,$AG100<60,W101<=5530000),ROUNDDOWN(ROUNDDOWN(W101,-3)*4.5%,-1),IF(AND(COUNT(F100:U101)>=8,AG100<60,W101>5530000),248850,0)),0) -> 0 | AA100: =+X100+Y100+X101+Y101+Z100+Z101 -> 0 | AB100: =W101-AA100 -> 0 | AC100: =IF(ISERROR(VLOOKUP(C100,일용직명단!$A$3:$I$1226,5,FALSE())),0,VLOOKUP(C100,일용직명단!$A$3:$I$1226,5,FALSE())) -> 0 | AD100: =IF(ISERROR(VLOOKUP(C100,일용직명단!$A$3:$I$1226,6,FALSE())),0,VLOOKUP(C100,일용직명단!$A$3:$I$1226,6,FALSE())) -> 0 | AE100: =COUNT(F100:U101) -> 0 | AF100: =IF(OR(MID(D100,8,1)="1",MID(D100,8,1)="2"),19&LEFT(D100,2),20&LEFT(D100,2))&"-"&MID(D100,3,2)&"-"&MID(D100,5,2) -> 200-- | AG100: =INT((TODAY()-AF100)/365.25) -> #VALUE! | AH100: =ROUNDDOWN(SUM(AI100:AX101),-1) -> 0 | AI100: =IF($W100*F100>150000,($W100*F100-150000)*6%*45%,0) -> 0 | AJ100: =IF($W100*G100>150000,($W100*G100-150000)*6%*45%,0) -> 0 | AK100: =IF($W100*H100>150000,($W100*H100-150000)*6%*45%,0) -> 0 | AL100: =IF($W100*I100>150000,($W100*I100-150000)*6%*45%,0) -> 0 | AM100: =IF($W100*J100>150000,($W100*J100-150000)*6%*45%,0) -> 0 | AN100: =IF($W100*K100>150000,($W100*K100-150000)*6%*45%,0) -> 0 | AO100: =IF($W100*L100>150000,($W100*L100-150000)*6%*45%,0) -> 0 | AP100: =IF($W100*M100>150000,($W100*M100-150000)*6%*45%,0) -> 0 | ... AW100: =IF($W100*T100>150000,($W100*T100-150000)*6%*45%,0) -> 0 | AY100: =IF(ISERROR(VLOOKUP(C100,[26]일용직명단!$A$3:$M$1151,11,FALSE())),0,VLOOKUP(C100,[26]일용직명단!$A$3:$M$1151,11,FALSE())) -> 0
...

Sheet 총괄(11월)
A1: 건우건설 | E1: 건우건설㈜ | F1: 새암건설㈜ | K1: 건우건설 | P1: 아이엔 | V1: 아이엔 | Z1: 새암건설 | AC1: 건우
A2: 영동유색깔 | E2: 제천금성면 | F2: 산과고 | K2: 수자원 | P2: 청리면 | V2: 작점리(이종성) | Z2: 제천늘봄 | AC2: 소죽천 | AY2: 특수형태근로자
A3: =H5 -> 45962 | D3: 일용노무비 지급명세서 | H3: 공 제 요 율 | J3: 국민연금 | M3: 건강보험 | P3: 장기요양 | S3: 갑근세 | V3: 주민세 | X3: 갑근세기준 | Z3: 고용보험율 | AB3: ※4대보험적용대상 월8일 이상근무자 | AF3: 출력인원 증가시 : 1번행과15번행 제외하고 그사이에 행을 복사하여 삽입하면 산식은 자동으로 인식됨. | AI3: 통장갖고있어서 자유롭게 신고가능자 | AY3: 고용보험요율
J4: 0.045 | M4: 0.03545 | P4: 건* | Q4: =12.95%/2 -> 0.06475 | S4: 0.027 | V4: 갑*10% | X4: 150000 | Z4: 0.009 | AI4: 임종관, 민헌기, 박범해, 신용철, 전덕하, 최순자, 최순옥, 양희옥, 김양수, 장영석 | AY4: 0.7%→0.8%
A5: 회사명 | C5: 총괄 | F5: 기간 | H5: 45962 | O5: =H6 -> 45991 | Q5: 일간 | S5: 공사명
H6: 45991 | S6: 공종명
A7: 연번 | B7: 직 종 | C7: 성 명 | D7: 주민등록 번 호 | E7: 주 소 | F7: 출력현황 | V7: 출력 공수 | W7: 노무비 | X7: 근로소득세액공제 | AA7: 공제합계 | AB7: 차 감 지급액 | AC7: 결재정보 | AE7: 출력일수
F8: 1 | G8: 2 | H8: 3 | I8: 4 | J8: 5 | K8: 6 | L8: 7 | M8: 8 | N8: 9 | O8: 10 | P8: 11 | Q8: 12 | R8: 13 | S8: 14 | T8: 15 | W8: 단 가 | X8: 고용보험 | Y8: 건강보험 | Z8: 국민연금 | AC8: 은행 | AD8: 예금주 | AI8: 1 | AJ8: 2 | AK8: 3 | AL8: 4 | AM8: 5 | AN8: 6 | AO8: 7 | AP8: 8 | AQ8: 9 | AR8: 10 | AS8: 11 | AT8: 12 | AU8: 13 | AV8: 14 | AW8: 15 | AY8: 우편번호
E9: 전화번호 | F9: 16 | G9: 17 | H9: 18 | I9: 19 | J9: 20 | K9: 21 | L9: 22 | M9: 23 | N9: 24 | O9: 25 | P9: 26 | Q9: 27 | R9: 28 | S9: 29 | T9: 30 | W9: 총 액 | X9: 갑근세 | Y9: 주민세 | Z9: 장기요양 | AC9: 계좌번호 | AF9: 생년월일 | AG9: 만나이 | AI9: 16 | AJ9: 17 | AK9: 18 | AL9: 19 | AM9: 20 | AN9: 21 | AO9: 22 | AP9: 23 | AQ9: 24 | AR9: 25 | AS9: 26 | AT9: 27 | AU9: 28 | AV9: 29 | AW9: 30 | AX9: 31
A10: 1 | B10: =IF(ISERROR(VLOOKUP(C10,일용직명단!$A$3:$I$104,2,FALSE())),0,VLOOKUP(C10,일용직명단!$A$3:$I$104,2,FALSE())) -> 0 | C10: 임종관 | D10: =IF(ISERROR(VLOOKUP(C10,일용직명단!$A$3:$K$1246,3,FALSE())),0,VLOOKUP(C10,일용직명단!$A$3:$K$1246,3,FALSE())) -> 660123-1386716 | E10: =IF(ISERROR(VLOOKUP(C10,일용직명단!$A$3:$K$1246,4,FALSE())),0,VLOOKUP(C10,일용직명단!$A$3:$K$1246,4,FALSE())) -> 충북 영동군 양강면 국촌1길10 | H10: 1 | I10: 1 | J10: 1 | K10: 1 | L10: 1 | M10: 1 | O10: 1 | P10: 1 | Q10: 1 | R10: 1 | S10: 1 | T10: 1 | V10: =SUM(F10:U11) -> 12 | W10: =IF(ISERROR(VLOOKUP(C10,일용직명단!$A$3:$K$1246,8,FALSE())),0,VLOOKUP(C10,일용직명단!$A$3:$K$1246,8,FALSE())) -> 150000 | X10: =IFERROR(IF(AG10>=65,0,ROUNDDOWN(W11*$Z$4,-1)),0) -> 16200 | Y10: =IF(AE10>=8,ROUNDDOWN(W11*$M$4,-1),0) -> 63810 | Z10: =IFERROR(IF(AND(COUNT(F10:U11)>=8,$AG10<60,W11<=5530000),ROUNDDOWN(ROUNDDOWN(W11,-3)*4.5%,-1),IF(AND(COUNT(F10:U11)>=8,AG10<60,W11>5530000),248850,0)),0) -> 0 | AA10: =+X10+Y10+X11+Y11+Z10+Z11 -> 84140 | AB10: =W11-AA10 -> 1715860 | AC10: =IF(ISERROR(VLOOKUP(C10,일용직명단!$A$3:$I$1226,5,FALSE())),0,VLOOKUP(C10,일용직명단!$A$3:$I$1226,5,FALSE())) -> 농협 | AD10: =IF(ISERROR(VLOOKUP(C10,일용직명단!$A$3:$I$1226,6,FALSE())),0,VLOOKUP(C10,일용직명단!$A$3:$I$1226,6,FALSE())) -> 임종관 | AE10: =COUNT(F10:U11) -> 12 | AF10: =IF(OR(MID(D10,8,1)="1",MID(D10,8,1)="2"),19&LEFT(D10,2),20&LEFT(D10,2))&"-"&MID(D10,3,2)&"-"&MID(D10,5,2) -> 1966-01-23 | AG10: =INT((TODAY()-AF10)/365.25) -> 60 | AH10: =ROUNDDOWN(SUM(AI10:AX11),-1) -> 0 | AI10: =IF($W10*F10>150000,($W10*F10-150000)*6%*45%,0) -> 0 | AJ10: =IF($W10*G10>150000,($W10*G10-150000)*6%*45%,0) -> 0 | AK10: =IF($W10*H10>150000,($W10*H10-150000)*6%*45%,0) -> 0 | AL10: =IF($W10*I10>150000,($W10*I10-150000)*6%*45%,0) -> 0 | AM10: =IF($W10*J10>150000,($W10*J10-150000)*6%*45%,0) -> 0 | AN10: =IF($W10*K10>150000,($W10*K10-150000)*6%*45%,0) -> 0 | AO10: =IF($W10*L10>150000,($W10*L10-150000)*6%*45%,0) -> 0 | AP10: =IF($W10*M10>150000,($W10*M10-150000)*6%*45%,0) -> 0 | ... AW10: =IF($W10*T10>150000,($W10*T10-150000)*6%*45%,0) -> 0 | AY10: =IF(ISERROR(VLOOKUP(C10,[26]일용직명단!$A$3:$M$1151,11,FALSE())),0,VLOOKUP(C10,[26]일용직명단!$A$3:$M$1151,11,FALSE())) -> 29155
E11: =IF(ISERROR(VLOOKUP(C10,일용직명단!$A$3:$K$1246,9,FALSE())),0,VLOOKUP(C10,일용직명단!$A$3:$K$1246,9,FALSE())) -> 010-3039-3737 | W11: =W10*V10 -> 1800000 | X11: =IF(AH10<1000,0,AH10) -> 0 | Y11: =ROUNDDOWN(X11*10%,-1) -> 0 | Z11: =IF(AE10>=8,ROUNDDOWN(Y10*$Q$4,-1),0) -> 4130 | AC11: =IF(ISERROR(VLOOKUP(C10,일용직명단!$A$3:$I$1226,7,FALSE())),0,VLOOKUP(C10,일용직명단!$A$3:$I$1226,7,FALSE())) -> 352-1734-5415-23 | AI11: =IF($W10*F11>150000,($W10*F11-150000)*6%*45%,0) -> 0 | AJ11: =IF($W10*G11>150000,($W10*G11-150000)*6%*45%,0) -> 0 | AK11: =IF($W10*H11>150000,($W10*H11-150000)*6%*45%,0) -> 0 | AL11: =IF($W10*I11>150000,($W10*I11-150000)*6%*45%,0) -> 0 | AM11: =IF($W10*J11>150000,($W10*J11-150000)*6%*45%,0) -> 0 | AN11: =IF($W10*K11>150000,($W10*K11-150000)*6%*45%,0) -> 0 | AO11: =IF($W10*L11>150000,($W10*L11-150000)*6%*45%,0) -> 0 | AP11: =IF($W10*M11>150000,($W10*M11-150000)*6%*45%,0) -> 0 | ... AX11: =IF($W10*U11>150000,($W10*U11-150000)*6%*45%,0) -> 0
A12: =A10+1 -> 2 | B12: =IF(ISERROR(VLOOKUP(C12,일용직명단!$A$3:$I$104,2,FALSE())),0,VLOOKUP(C12,일용직명단!$A$3:$I$104,2,FALSE())) -> 0 | C12: 장신진 | D12: =IF(ISERROR(VLOOKUP(C12,일용직명단!$A$3:$K$1246,3,FALSE())),0,VLOOKUP(C12,일용직명단!$A$3:$K$1246,3,FALSE())) -> 620908-1386710 | E12: =IF(ISERROR(VLOOKUP(C12,일용직명단!$A$3:$K$1246,4,FALSE())),0,VLOOKUP(C12,일용직명단!$A$3:$K$1246,4,FALSE())) -> 충북 영동군 영동읍 동정로 39-27, 현대아파트 101동 1501호 | H12: 1 | I12: 1 | J12: 1 | K12: 1 | L12: 1 | M12: 1 | O12: 1 | P12: 1 | Q12: 1 | R12: 1 | S12: 1 | T12: 1 | V12: =SUM(F12:U13) -> 12 | W12: =IF(ISERROR(VLOOKUP(C12,일용직명단!$A$3:$K$1246,8,FALSE())),0,VLOOKUP(C12,일용직명단!$A$3:$K$1246,8,FALSE())) -> 150000 | X12: =IFERROR(IF(AG12>=65,0,ROUNDDOWN(W13*$Z$4,-1)),0) -> 16200 | Y12: =IF(AE12>=8,ROUNDDOWN(W13*$M$4,-1),0) -> 63810 | Z12: =IFERROR(IF(AND(COUNT(F12:U13)>=8,$AG12<60,W13<=5530000),ROUNDDOWN(ROUNDDOWN(W13,-3)*4.5%,-1),IF(AND(COUNT(F12:U13)>=8,AG12<60,W13>5530000),248850,0)),0) -> 0 | AA12: =+X12+Y12+X13+Y13+Z12+Z13 -> 84140 | AB12: =W13-AA12 -> 1715860 | AC12: =IF(ISERROR(VLOOKUP(C12,일용직명단!$A$3:$I$1226,5,FALSE())),0,VLOOKUP(C12,일용직명단!$A$3:$I$1226,5,FALSE())) -> 농협 | AD12: =IF(ISERROR(VLOOKUP(C12,일용직명단!$A$3:$I$1226,6,FALSE())),0,VLOOKUP(C12,일용직명단!$A$3:$I$1226,6,FALSE())) -> 장신진 | AE12: =COUNT(F12:U13) -> 12 | AF12: =IF(OR(MID(D12,8,1)="1",MID(D12,8,1)="2"),19&LEFT(D12,2),20&LEFT(D12,2))&"-"&MID(D12,3,2)&"-"&MID(D12,5,2) -> 1962-09-08 | AG12: =INT((TODAY()-AF12)/365.25) -> 63 | AH12: =ROUNDDOWN(SUM(AI12:AX13),-1) -> 0 | AI12: =IF($W12*F12>150000,($W12*F12-150000)*6%*45%,0) -> 0 | AJ12: =IF($W12*G12>150000,($W12*G12-150000)*6%*45%,0) -> 0 | AK12: =IF($W12*H12>150000,($W12*H12-150000)*6%*45%,0) -> 0 | AL12: =IF($W12*I12>150000,($W12*I12-150000)*6%*45%,0) -> 0 | AM12: =IF($W12*J12>150000,($W12*J12-150000)*6%*45%,0) -> 0 | AN12: =IF($W12*K12>150000,($W12*K12-150000)*6%*45%,0) -> 0 | AO12: =IF($W12*L12>150000,($W12*L12-150000)*6%*45%,0) -> 0 | AP12: =IF($W12*M12>150000,($W12*M12-150000)*6%*45%,0) -> 0 | ... AW12: =IF($W12*T12>150000,($W12*T12-150000)*6%*45%,0) -> 0 | AY12: =IF(ISERROR(VLOOKUP(C12,[26]일용직명단!$A$3:$M$1151,11,FALSE())),0,VLOOKUP(C12,[26]일용직명단!$A$3:$M$1151,11,FALSE())) -> 29140
E13: =IF(ISERROR(VLOOKUP(C12,일용직명단!$A$3:$K$1246,9,FALSE())),0,VLOOKUP(C12,일용직명단!$A$3:$K$1246,9,FALSE())) -> 010-8450-8819 | W13: =W12*V12 -> 1800000 | X13: =IF(AH12<1000,0,AH12) -> 0 | Y13: =ROUNDDOWN(X13*10%,-1) -> 0 | Z13: =IF(AE12>=8,ROUNDDOWN(Y12*$Q$4,-1),0) -> 4130 | AC13: =IF(ISERROR(VLOOKUP(C12,일용직명단!$A$3:$I$1226,7,FALSE())),0,VLOOKUP(C12,일용직명단!$A$3:$I$1226,7,FALSE())) -> 356-1353-2371-93 | AI13: =IF($W12*F13>150000,($W12*F13-150000)*6%*45%,0) -> 0 | AJ13: =IF($W12*G13>150000,($W12*G13-150000)*6%*45%,0) -> 0 | AK13: =IF($W12*H13>150000,($W12*H13-150000)*6%*45%,0) -> 0 | AL13: =IF($W12*I13>150000,($W12*I13-150000)*6%*45%,0) -> 0 | AM13: =IF($W12*J13>150000,($W12*J13-150000)*6%*45%,0) -> 0 | AN13: =IF($W12*K13>150000,($W12*K13-150000)*6%*45%,0) -> 0 | AO13: =IF($W12*L13>150000,($W12*L13-150000)*6%*45%,0) -> 0 | AP13: =IF($W12*M13>150000,($W12*M13-150000)*6%*45%,0) -> 0 | ... AX13: =IF($W12*U13>150000,($W12*U13-150000)*6%*45%,0) -> 0
A14: =A12+1 -> 3 | B14: =IF(ISERROR(VLOOKUP(C14,일용직명단!$A$3:$I$104,2,FALSE())),0,VLOOKUP(C14,일용직명단!$A$3:$I$104,2,FALSE())) -> 0 | C14: 박범해 | D14: =IF(ISERROR(VLOOKUP(C14,일용직명단!$A$3:$K$1246,3,FALSE())),0,VLOOKUP(C14,일용직명단!$A$3:$K$1246,3,FALSE())) -> 660105-1386714 | E14: =IF(ISERROR(VLOOKUP(C14,일용직명단!$A$3:$K$1246,4,FALSE())),0,VLOOKUP(C14,일용직명단!$A$3:$K$1246,4,FALSE())) -> 충북 영동군 양강면 남전2안길 4-17 (남전리 272) | H14: 1 | I14: 1 | J14: 1 | K14: 1 | L14: 1 | M14: 1 | O14: 1 | P14: 1 | Q14: 1 | R14: 1 | S14: 1 | T14: 1 | V14: =SUM(F14:U15) -> 12 | W14: =IF(ISERROR(VLOOKUP(C14,일용직명단!$A$3:$K$1246,8,FALSE())),0,VLOOKUP(C14,일용직명단!$A$3:$K$1246,8,FALSE())) -> 150000 | X14: =IFERROR(IF(AG14>=65,0,ROUNDDOWN(W15*$Z$4,-1)),0) -> 16200 | Y14: =IF(AE14>=8,ROUNDDOWN(W15*$M$4,-1),0) -> 63810 | Z14: =IFERROR(IF(AND(COUNT(F14:U15)>=8,$AG14<60,W15<=5530000),ROUNDDOWN(ROUNDDOWN(W15,-3)*4.5%,-1),IF(AND(COUNT(F14:U15)>=8,AG14<60,W15>5530000),248850,0)),0) -> 0 | AA14: =+X14+Y14+X15+Y15+Z14+Z15 -> 84140 | AB14: =W15-AA14 -> 1715860 | AC14: =IF(ISERROR(VLOOKUP(C14,일용직명단!$A$3:$I$1226,5,FALSE())),0,VLOOKUP(C14,일용직명단!$A$3:$I$1226,5,FALSE())) -> 농협 | AD14: =IF(ISERROR(VLOOKUP(C14,일용직명단!$A$3:$I$1226,6,FALSE())),0,VLOOKUP(C14,일용직명단!$A$3:$I$1226,6,FALSE())) -> 박범해 | AE14: =COUNT(F14:U15) -> 12 | AF14: =IF(OR(MID(D14,8,1)="1",MID(D14,8,1)="2"),19&LEFT(D14,2),20&LEFT(D14,2))&"-"&MID(D14,3,2)&"-"&MID(D14,5,2) -> 1966-01-05 | AG14: =INT((TODAY()-AF14)/365.25) -> 60 | AH14: =ROUNDDOWN(SUM(AI14:AX15),-1) -> 0 | AI14: =IF($W14*F14>150000,($W14*F14-150000)*6%*45%,0) -> 0 | AJ14: =IF($W14*G14>150000,($W14*G14-150000)*6%*45%,0) -> 0 | AK14: =IF($W14*H14>150000,($W14*H14-150000)*6%*45%,0) -> 0 | AL14: =IF($W14*I14>150000,($W14*I14-150000)*6%*45%,0) -> 0 | AM14: =IF($W14*J14>150000,($W14*J14-150000)*6%*45%,0) -> 0 | AN14: =IF($W14*K14>150000,($W14*K14-150000)*6%*45%,0) -> 0 | AO14: =IF($W14*L14>150000,($W14*L14-150000)*6%*45%,0) -> 0 | AP14: =IF($W14*M14>150000,($W14*M14-150000)*6%*45%,0) -> 0 | ... AW14: =IF($W14*T14>150000,($W14*T14-150000)*6%*45%,0) -> 0 | AY14: =IF(ISERROR(VLOOKUP(C14,[26]일용직명단!$A$3:$M$1151,11,FALSE())),0,VLOOKUP(C14,[26]일용직명단!$A$3:$M$1151,11,FALSE())) -> 29155
E15: =IF(ISERROR(VLOOKUP(C14,일용직명단!$A$3:$K$1246,9,FALSE())),0,VLOOKUP(C14,일용직명단!$A$3:$K$1246,9,FALSE())) -> 010-6356-5898 | W15: =W14*V14 -> 1800000 | X15: =IF(AH14<1000,0,AH14) -> 0 | Y15: =ROUNDDOWN(X15*10%,-1) -> 0 | Z15: =IF(AE14>=8,ROUNDDOWN(Y14*$Q$4,-1),0) -> 4130 | AC15: =IF(ISERROR(VLOOKUP(C14,일용직명단!$A$3:$I$1226,7,FALSE())),0,VLOOKUP(C14,일용직명단!$A$3:$I$1226,7,FALSE())) -> 356-1071-0591-83 | AI15: =IF($W14*F15>150000,($W14*F15-150000)*6%*45%,0) -> 0 | AJ15: =IF($W14*G15>150000,($W14*G15-150000)*6%*45%,0) -> 0 | AK15: =IF($W14*H15>150000,($W14*H15-150000)*6%*45%,0) -> 0 | AL15: =IF($W14*I15>150000,($W14*I15-150000)*6%*45%,0) -> 0 | AM15: =IF($W14*J15>150000,($W14*J15-150000)*6%*45%,0) -> 0 | AN15: =IF($W14*K15>150000,($W14*K15-150000)*6%*45%,0) -> 0 | AO15: =IF($W14*L15>150000,($W14*L15-150000)*6%*45%,0) -> 0 | AP15: =IF($W14*M15>150000,($W14*M15-150000)*6%*45%,0) -> 0 | ... AX15: =IF($W14*U15>150000,($W14*U15-150000)*6%*45%,0) -> 0
A16: =A14+1 -> 4 | B16: 새암 | C16: 이명철 | D16: =IF(ISERROR(VLOOKUP(C16,일용직명단!$A$3:$K$1246,3,FALSE())),0,VLOOKUP(C16,일용직명단!$A$3:$K$1246,3,FALSE())) -> 000329-3691911 | E16: =IF(ISERROR(VLOOKUP(C16,일용직명단!$A$3:$K$1246,4,FALSE())),0,VLOOKUP(C16,일용직명단!$A$3:$K$1246,4,FALSE())) -> 충북 제천시 제천북로1길 75 (왕암동) | H16: 1 | I16: 1 | J16: 1 | K16: 1 | L16: 1 | M16: 1 | O16: 1 | P16: 1 | Q16: 1 | R16: 1 | S16: 1 | T16: 1 | V16: =SUM(F16:U17) -> 12 | W16: =IF(ISERROR(VLOOKUP(C16,일용직명단!$A$3:$K$1246,8,FALSE())),0,VLOOKUP(C16,일용직명단!$A$3:$K$1246,8,FALSE())) -> 150000 | X16: =IFERROR(IF(AG16>=65,0,ROUNDDOWN(W17*$Z$4,-1)),0) -> 16200 | Y16: =IF(AE16>=8,ROUNDDOWN(W17*$M$4,-1),0) -> 63810 | Z16: =IFERROR(IF(AND(COUNT(F16:U17)>=8,$AG16<60,W17<=5530000),ROUNDDOWN(ROUNDDOWN(W17,-3)*4.5%,-1),IF(AND(COUNT(F16:U17)>=8,AG16<60,W17>5530000),248850,0)),0) -> 81000 | AA16: =+X16+Y16+X17+Y17+Z16+Z17 -> 165140 | AB16: =W17-AA16 -> 1634860 | AC16: =IF(ISERROR(VLOOKUP(C16,일용직명단!$A$3:$I$1226,5,FALSE())),0,VLOOKUP(C16,일용직명단!$A$3:$I$1226,5,FALSE())) -> 농협 | AD16: =IF(ISERROR(VLOOKUP(C16,일용직명단!$A$3:$I$1226,6,FALSE())),0,VLOOKUP(C16,일용직명단!$A$3:$I$1226,6,FALSE())) -> 이명철 | AE16: =COUNT(F16:U17) -> 12 | AF16: =IF(OR(MID(D16,8,1)="1",MID(D16,8,1)="2"),19&LEFT(D16,2),20&LEFT(D16,2))&"-"&MID(D16,3,2)&"-"&MID(D16,5,2) -> 2000-03-29 | AG16: =INT((TODAY()-AF16)/365.25) -> 26 | AH16: =ROUNDDOWN(SUM(AI16:AX17),-1) -> 0 | AI16: =IF($W16*F16>150000,($W16*F16-150000)*6%*45%,0) -> 0 | AJ16: =IF($W16*G16>150000,($W16*G16-150000)*6%*45%,0) -> 0 | AK16: =IF($W16*H16>150000,($W16*H16-150000)*6%*45%,0) -> 0 | AL16: =IF($W16*I16>150000,($W16*I16-150000)*6%*45%,0) -> 0 | AM16: =IF($W16*J16>150000,($W16*J16-150000)*6%*45%,0) -> 0 | AN16: =IF($W16*K16>150000,($W16*K16-150000)*6%*45%,0) -> 0 | AO16: =IF($W16*L16>150000,($W16*L16-150000)*6%*45%,0) -> 0 | AP16: =IF($W16*M16>150000,($W16*M16-150000)*6%*45%,0) -> 0 | ... AW16: =IF($W16*T16>150000,($W16*T16-150000)*6%*45%,0) -> 0 | AY16: =IF(ISERROR(VLOOKUP(C16,[26]일용직명단!$A$3:$M$1151,11,FALSE())),0,VLOOKUP(C16,[26]일용직명단!$A$3:$M$1151,11,FALSE())) -> 27116
E17: =IF(ISERROR(VLOOKUP(C16,일용직명단!$A$3:$K$1246,9,FALSE())),0,VLOOKUP(C16,일용직명단!$A$3:$K$1246,9,FALSE())) -> 010-5301-8775 | W17: =W16*V16 -> 1800000 | X17: =IF(AH16<1000,0,AH16) -> 0 | Y17: =ROUNDDOWN(X17*10%,-1) -> 0 | Z17: =IF(AE16>=8,ROUNDDOWN(Y16*$Q$4,-1),0) -> 4130 | AC17: =IF(ISERROR(VLOOKUP(C16,일용직명단!$A$3:$I$1226,7,FALSE())),0,VLOOKUP(C16,일용직명단!$A$3:$I$1226,7,FALSE())) -> 302-1531-6143-71 | AI17: =IF($W16*F17>150000,($W16*F17-150000)*6%*45%,0) -> 0 | AJ17: =IF($W16*G17>150000,($W16*G17-150000)*6%*45%,0) -> 0 | AK17: =IF($W16*H17>150000,($W16*H17-150000)*6%*45%,0) -> 0 | AL17: =IF($W16*I17>150000,($W16*I17-150000)*6%*45%,0) -> 0 | AM17: =IF($W16*J17>150000,($W16*J17-150000)*6%*45%,0) -> 0 | AN17: =IF($W16*K17>150000,($W16*K17-150000)*6%*45%,0) -> 0 | AO17: =IF($W16*L17>150000,($W16*L17-150000)*6%*45%,0) -> 0 | AP17: =IF($W16*M17>150000,($W16*M17-150000)*6%*45%,0) -> 0 | ... AX17: =IF($W16*U17>150000,($W16*U17-150000)*6%*45%,0) -> 0
A18: =A16+1 -> 5 | B18: 산과고 | C18: 심종섭 | D18: =IF(ISERROR(VLOOKUP(C18,일용직명단!$A$3:$K$1246,3,FALSE())),0,VLOOKUP(C18,일용직명단!$A$3:$K$1246,3,FALSE())) -> 730108-1148320 | E18: =IF(ISERROR(VLOOKUP(C18,일용직명단!$A$3:$K$1246,4,FALSE())),0,VLOOKUP(C18,일용직명단!$A$3:$K$1246,4,FALSE())) -> 충북 영동군 양강면 마포2길 8 | H18: 1 | I18: 1 | J18: 1 | K18: 1 | L18: 1 | M18: 1 | O18: 1 | P18: 1 | Q18: 1 | R18: 1 | S18: 1 | T18: 1 | V18: =SUM(F18:U19) -> 12 | W18: =IF(ISERROR(VLOOKUP(C18,일용직명단!$A$3:$K$1246,8,FALSE())),0,VLOOKUP(C18,일용직명단!$A$3:$K$1246,8,FALSE())) -> 170000 | X18: =IFERROR(IF(AG18>=65,0,ROUNDDOWN(W19*$Z$4,-1)),0) -> 18360 | Y18: =IF(AE18>=8,ROUNDDOWN(W19*$M$4,-1),0) -> 72310 | Z18: =IFERROR(IF(AND(COUNT(F18:U19)>=8,$AG18<60,W19<=5530000),ROUNDDOWN(ROUNDDOWN(W19,-3)*4.5%,-1),IF(AND(COUNT(F18:U19)>=8,AG18<60,W19>5530000),248850,0)),0) -> 91800 | AA18: =+X18+Y18+X19+Y19+Z18+Z19 -> 194270 | AB18: =W19-AA18 -> 1845730 | AC18: =IF(ISERROR(VLOOKUP(C18,일용직명단!$A$3:$I$1226,5,FALSE())),0,VLOOKUP(C18,일용직명단!$A$3:$I$1226,5,FALSE())) -> 농협 | AD18: =IF(ISERROR(VLOOKUP(C18,일용직명단!$A$3:$I$1226,6,FALSE())),0,VLOOKUP(C18,일용직명단!$A$3:$I$1226,6,FALSE())) -> 심종섭 | AE18: =COUNT(F18:U19) -> 12 | AF18: =IF(OR(MID(D18,8,1)="1",MID(D18,8,1)="2"),19&LEFT(D18,2),20&LEFT(D18,2))&"-"&MID(D18,3,2)&"-"&MID(D18,5,2) -> 1973-01-08 | AG18: =INT((TODAY()-AF18)/365.25) -> 53 | AH18: =ROUNDDOWN(SUM(AI18:AX19),-1) -> 6480 | AI18: =IF($W18*F18>150000,($W18*F18-150000)*6%*45%,0) -> 0 | AJ18: =IF($W18*G18>150000,($W18*G18-150000)*6%*45%,0) -> 0 | AK18: =IF($W18*H18>150000,($W18*H18-150000)*6%*45%,0) -> 540 | AL18: =IF($W18*I18>150000,($W18*I18-150000)*6%*45%,0) -> 540 | AM18: =IF($W18*J18>150000,($W18*J18-150000)*6%*45%,0) -> 540 | AN18: =IF($W18*K18>150000,($W18*K18-150000)*6%*45%,0) -> 540 | AO18: =IF($W18*L18>150000,($W18*L18-150000)*6%*45%,0) -> 540 | AP18: =IF($W18*M18>150000,($W18*M18-150000)*6%*45%,0) -> 540 | ... AW18: =IF($W18*T18>150000,($W18*T18-150000)*6%*45%,0) -> 540 | AY18: =IF(ISERROR(VLOOKUP(C18,[26]일용직명단!$A$3:$M$1151,11,FALSE())),0,VLOOKUP(C18,[26]일용직명단!$A$3:$M$1151,11,FALSE())) -> 0
E19: =IF(ISERROR(VLOOKUP(C18,일용직명단!$A$3:$K$1246,9,FALSE())),0,VLOOKUP(C18,일용직명단!$A$3:$K$1246,9,FALSE())) -> 010-2304-8648 | W19: =W18*V18 -> 2040000 | X19: =IF(AH18<1000,0,AH18) -> 6480 | Y19: =ROUNDDOWN(X19*10%,-1) -> 640 | Z19: =IF(AE18>=8,ROUNDDOWN(Y18*$Q$4,-1),0) -> 4680 | AC19: =IF(ISERROR(VLOOKUP(C18,일용직명단!$A$3:$I$1226,7,FALSE())),0,VLOOKUP(C18,일용직명단!$A$3:$I$1226,7,FALSE())) -> 352-1213-5051-73 | AI19: =IF($W18*F19>150000,($W18*F19-150000)*6%*45%,0) -> 0 | AJ19: =IF($W18*G19>150000,($W18*G19-150000)*6%*45%,0) -> 0 | AK19: =IF($W18*H19>150000,($W18*H19-150000)*6%*45%,0) -> 0 | AL19: =IF($W18*I19>150000,($W18*I19-150000)*6%*45%,0) -> 0 | AM19: =IF($W18*J19>150000,($W18*J19-150000)*6%*45%,0) -> 0 | AN19: =IF($W18*K19>150000,($W18*K19-150000)*6%*45%,0) -> 0 | AO19: =IF($W18*L19>150000,($W18*L19-150000)*6%*45%,0) -> 0 | AP19: =IF($W18*M19>150000,($W18*M19-150000)*6%*45%,0) -> 0 | ... AX19: =IF($W18*U19>150000,($W18*U19-150000)*6%*45%,0) -> 0
A20: =A18+1 -> 6 | B20: =IF(ISERROR(VLOOKUP(C20,일용직명단!$A$3:$I$104,2,FALSE())),0,VLOOKUP(C20,일용직명단!$A$3:$I$104,2,FALSE())) -> 0 | C20: 김판수 | D20: =IF(ISERROR(VLOOKUP(C20,일용직명단!$A$3:$K$1246,3,FALSE())),0,VLOOKUP(C20,일용직명단!$A$3:$K$1246,3,FALSE())) -> 720402-1798516 | E20: =IF(ISERROR(VLOOKUP(C20,일용직명단!$A$3:$K$1246,4,FALSE())),0,VLOOKUP(C20,일용직명단!$A$3:$K$1246,4,FALSE())) -> 경북 칠곡군 북삼읍 인강9길 10, 101동 1212호(로얄아파트) | H20: 1 | I20: 1 | J20: 1 | K20: 1 | L20: 1 | M20: 1 | O20: 1 | P20: 1 | Q20: 1 | R20: 1 | S20: 1 | T20: 1 | V20: =SUM(F20:U21) -> 12 | W20: =IF(ISERROR(VLOOKUP(C20,일용직명단!$A$3:$K$1246,8,FALSE())),0,VLOOKUP(C20,일용직명단!$A$3:$K$1246,8,FALSE())) -> 150000 | X20: =IFERROR(IF(AG20>=65,0,ROUNDDOWN(W21*$Z$4,-1)),0) -> 16200 | Y20: =IF(AE20>=8,ROUNDDOWN(W21*$M$4,-1),0) -> 63810 | Z20: =IFERROR(IF(AND(COUNT(F20:U21)>=8,$AG20<60,W21<=5530000),ROUNDDOWN(ROUNDDOWN(W21,-3)*4.5%,-1),IF(AND(COUNT(F20:U21)>=8,AG20<60,W21>5530000),248850,0)),0) -> 81000 | AA20: =+X20+Y20+X21+Y21+Z20+Z21 -> 165140 | AB20: =W21-AA20 -> 1634860 | AC20: =IF(ISERROR(VLOOKUP(C20,일용직명단!$A$3:$I$1226,5,FALSE())),0,VLOOKUP(C20,일용직명단!$A$3:$I$1226,5,FALSE())) -> 농협 | AD20: =IF(ISERROR(VLOOKUP(C20,일용직명단!$A$3:$I$1226,6,FALSE())),0,VLOOKUP(C20,일용직명단!$A$3:$I$1226,6,FALSE())) -> 김판수 | AE20: =COUNT(F20:U21) -> 12 | AF20: =IF(OR(MID(D20,8,1)="1",MID(D20,8,1)="2"),19&LEFT(D20,2),20&LEFT(D20,2))&"-"&MID(D20,3,2)&"-"&MID(D20,5,2) -> 1972-04-02 | AG20: =INT((TODAY()-AF20)/365.25) -> 54 | AH20: =ROUNDDOWN(SUM(AI20:AX21),-1) -> 0 | AI20: =IF($W20*F20>150000,($W20*F20-150000)*6%*45%,0) -> 0 | AJ20: =IF($W20*G20>150000,($W20*G20-150000)*6%*45%,0) -> 0 | AK20: =IF($W20*H20>150000,($W20*H20-150000)*6%*45%,0) -> 0 | AL20: =IF($W20*I20>150000,($W20*I20-150000)*6%*45%,0) -> 0 | AM20: =IF($W20*J20>150000,($W20*J20-150000)*6%*45%,0) -> 0 | AN20: =IF($W20*K20>150000,($W20*K20-150000)*6%*45%,0) -> 0 | AO20: =IF($W20*L20>150000,($W20*L20-150000)*6%*45%,0) -> 0 | AP20: =IF($W20*M20>150000,($W20*M20-150000)*6%*45%,0) -> 0 | ... AW20: =IF($W20*T20>150000,($W20*T20-150000)*6%*45%,0) -> 0 | AY20: =IF(ISERROR(VLOOKUP(C20,[26]일용직명단!$A$3:$M$1151,11,FALSE())),0,VLOOKUP(C20,[26]일용직명단!$A$3:$M$1151,11,FALSE())) -> 0
E21: =IF(ISERROR(VLOOKUP(C20,일용직명단!$A$3:$K$1246,9,FALSE())),0,VLOOKUP(C20,일용직명단!$A$3:$K$1246,9,FALSE())) -> 010-7520-7708 | W21: =W20*V20 -> 1800000 | X21: =IF(AH20<1000,0,AH20) -> 0 | Y21: =ROUNDDOWN(X21*10%,-1) -> 0 | Z21: =IF(AE20>=8,ROUNDDOWN(Y20*$Q$4,-1),0) -> 4130 | AC21: =IF(ISERROR(VLOOKUP(C20,일용직명단!$A$3:$I$1226,7,FALSE())),0,VLOOKUP(C20,일용직명단!$A$3:$I$1226,7,FALSE())) -> 735089-56-010696 | AI21: =IF($W20*F21>150000,($W20*F21-150000)*6%*45%,0) -> 0 | AJ21: =IF($W20*G21>150000,($W20*G21-150000)*6%*45%,0) -> 0 | AK21: =IF($W20*H21>150000,($W20*H21-150000)*6%*45%,0) -> 0 | AL21: =IF($W20*I21>150000,($W20*I21-150000)*6%*45%,0) -> 0 | AM21: =IF($W20*J21>150000,($W20*J21-150000)*6%*45%,0) -> 0 | AN21: =IF($W20*K21>150000,($W20*K21-150000)*6%*45%,0) -> 0 | AO21: =IF($W20*L21>150000,($W20*L21-150000)*6%*45%,0) -> 0 | AP21: =IF($W20*M21>150000,($W20*M21-150000)*6%*45%,0) -> 0 | ... AX21: =IF($W20*U21>150000,($W20*U21-150000)*6%*45%,0) -> 0
A22: =A20+1 -> 7 | C22: 김환배 | D22: =IF(ISERROR(VLOOKUP(C22,일용직명단!$A$3:$K$1246,3,FALSE())),0,VLOOKUP(C22,일용직명단!$A$3:$K$1246,3,FALSE())) -> 530810-1057646 | E22: =IF(ISERROR(VLOOKUP(C22,일용직명단!$A$3:$K$1246,4,FALSE())),0,VLOOKUP(C22,일용직명단!$A$3:$K$1246,4,FALSE())) -> 충북 영동군 양강면 남전2안길 4-20 | H22: 1 | I22: 1 | J22: 1 | K22: 1 | L22: 1 | M22: 1 | O22: 1 | P22: 1 | Q22: 1 | R22: 1 | S22: 1 | T22: 1 | V22: =SUM(F22:U23) -> 12 | W22: =IF(ISERROR(VLOOKUP(C22,일용직명단!$A$3:$K$1246,8,FALSE())),0,VLOOKUP(C22,일용직명단!$A$3:$K$1246,8,FALSE())) -> 150000 | X22: =IFERROR(IF(AG22>=65,0,ROUNDDOWN(W23*$Z$4,-1)),0) -> 0 | Y22: =IF(AE22>=8,ROUNDDOWN(W23*$M$4,-1),0) -> 63810 | Z22: =IFERROR(IF(AND(COUNT(F22:U23)>=8,$AG22<60,W23<=5530000),ROUNDDOWN(ROUNDDOWN(W23,-3)*4.5%,-1),IF(AND(COUNT(F22:U23)>=8,AG22<60,W23>5530000),248850,0)),0) -> 0 | AA22: =+X22+Y22+X23+Y23+Z22+Z23 -> 67940 | AB22: =W23-AA22 -> 1732060 | AC22: =IF(ISERROR(VLOOKUP(C22,일용직명단!$A$3:$I$1226,5,FALSE())),0,VLOOKUP(C22,일용직명단!$A$3:$I$1226,5,FALSE())) -> 농협 | AD22: =IF(ISERROR(VLOOKUP(C22,일용직명단!$A$3:$I$1226,6,FALSE())),0,VLOOKUP(C22,일용직명단!$A$3:$I$1226,6,FALSE())) -> 김환배 | AE22: =COUNT(F22:U23) -> 12 | AF22: =IF(OR(MID(D22,8,1)="1",MID(D22,8,1)="2"),19&LEFT(D22,2),20&LEFT(D22,2))&"-"&MID(D22,3,2)&"-"&MID(D22,5,2) -> 1953-08-10 | AG22: =INT((TODAY()-AF22)/365.25) -> 72 | AH22: =ROUNDDOWN(SUM(AI22:AX23),-1) -> 0 | AI22: =IF($W22*F22>150000,($W22*F22-150000)*6%*45%,0) -> 0 | AJ22: =IF($W22*G22>150000,($W22*G22-150000)*6%*45%,0) -> 0 | AK22: =IF($W22*H22>150000,($W22*H22-150000)*6%*45%,0) -> 0 | AL22: =IF($W22*I22>150000,($W22*I22-150000)*6%*45%,0) -> 0 | AM22: =IF($W22*J22>150000,($W22*J22-150000)*6%*45%,0) -> 0 | AN22: =IF($W22*K22>150000,($W22*K22-150000)*6%*45%,0) -> 0 | AO22: =IF($W22*L22>150000,($W22*L22-150000)*6%*45%,0) -> 0 | AP22: =IF($W22*M22>150000,($W22*M22-150000)*6%*45%,0) -> 0 | ... AW22: =IF($W22*T22>150000,($W22*T22-150000)*6%*45%,0) -> 0 | AY22: =IF(ISERROR(VLOOKUP(C22,[27]일용직명단!$A$3:$M$1151,11,FALSE())),0,VLOOKUP(C22,[27]일용직명단!$A$3:$M$1151,11,FALSE())) -> 29155
E23: =IF(ISERROR(VLOOKUP(C22,일용직명단!$A$3:$K$1246,9,FALSE())),0,VLOOKUP(C22,일용직명단!$A$3:$K$1246,9,FALSE())) -> 010-5326-2934 | W23: =W22*V22 -> 1800000 | X23: =IF(AH22<1000,0,AH22) -> 0 | Y23: =ROUNDDOWN(X23*10%,-1) -> 0 | Z23: =IF(AE22>=8,ROUNDDOWN(Y22*$Q$4,-1),0) -> 4130 | AC23: =IF(ISERROR(VLOOKUP(C22,일용직명단!$A$3:$I$1226,7,FALSE())),0,VLOOKUP(C22,일용직명단!$A$3:$I$1226,7,FALSE())) -> 352-0532-0302-03 | AI23: =IF($W22*F23>150000,($W22*F23-150000)*6%*45%,0) -> 0 | AJ23: =IF($W22*G23>150000,($W22*G23-150000)*6%*45%,0) -> 0 | AK23: =IF($W22*H23>150000,($W22*H23-150000)*6%*45%,0) -> 0 | AL23: =IF($W22*I23>150000,($W22*I23-150000)*6%*45%,0) -> 0 | AM23: =IF($W22*J23>150000,($W22*J23-150000)*6%*45%,0) -> 0 | AN23: =IF($W22*K23>150000,($W22*K23-150000)*6%*45%,0) -> 0 | AO23: =IF($W22*L23>150000,($W22*L23-150000)*6%*45%,0) -> 0 | AP23: =IF($W22*M23>150000,($W22*M23-150000)*6%*45%,0) -> 0 | ... AX23: =IF($W22*U23>150000,($W22*U23-150000)*6%*45%,0) -> 0
A24: =A22+1 -> 8 | B24: =IF(ISERROR(VLOOKUP(C24,일용직명단!$A$3:$I$104,2,FALSE())),0,VLOOKUP(C24,일용직명단!$A$3:$I$104,2,FALSE())) -> 0 | C24: 정상천 | D24: =IF(ISERROR(VLOOKUP(C24,일용직명단!$A$3:$K$1246,3,FALSE())),0,VLOOKUP(C24,일용직명단!$A$3:$K$1246,3,FALSE())) -> 700705-1384813 | E24: =IF(ISERROR(VLOOKUP(C24,일용직명단!$A$3:$K$1246,4,FALSE())),0,VLOOKUP(C24,일용직명단!$A$3:$K$1246,4,FALSE())) -> 충북 청주시 상당구 중고개로248번길 52-1 | H24: 1 | I24: 1 | J24: 1 | K24: 1 | L24: 1 | M24: 1 | O24: 1 | P24: 1 | Q24: 1 | R24: 1 | S24: 1 | T24: 1 | V24: =SUM(F24:U25) -> 12 | W24: =IF(ISERROR(VLOOKUP(C24,일용직명단!$A$3:$K$1246,8,FALSE())),0,VLOOKUP(C24,일용직명단!$A$3:$K$1246,8,FALSE())) -> 150000 | X24: =IFERROR(IF(AG24>=65,0,ROUNDDOWN(W25*$Z$4,-1)),0) -> 16200 | Y24: =IF(AE24>=8,ROUNDDOWN(W25*$M$4,-1),0) -> 63810 | Z24: =IFERROR(IF(AND(COUNT(F24:U25)>=8,$AG24<60,W25<=5530000),ROUNDDOWN(ROUNDDOWN(W25,-3)*4.5%,-1),IF(AND(COUNT(F24:U25)>=8,AG24<60,W25>5530000),248850,0)),0) -> 81000 | AA24: =+X24+Y24+X25+Y25+Z24+Z25 -> 165140 | AB24: =W25-AA24 -> 1634860 | AC24: =IF(ISERROR(VLOOKUP(C24,일용직명단!$A$3:$I$1226,5,FALSE())),0,VLOOKUP(C24,일용직명단!$A$3:$I$1226,5,FALSE())) -> 농협 | AD24: =IF(ISERROR(VLOOKUP(C24,일용직명단!$A$3:$I$1226,6,FALSE())),0,VLOOKUP(C24,일용직명단!$A$3:$I$1226,6,FALSE())) -> 정상천 | AE24: =COUNT(F24:U25) -> 12 | AF24: =IF(OR(MID(D24,8,1)="1",MID(D24,8,1)="2"),19&LEFT(D24,2),20&LEFT(D24,2))&"-"&MID(D24,3,2)&"-"&MID(D24,5,2) -> 1970-07-05 | AG24: =INT((TODAY()-AF24)/365.25) -> 55 | AH24: =ROUNDDOWN(SUM(AI24:AX25),-1) -> 0 | AI24: =IF($W24*F24>150000,($W24*F24-150000)*6%*45%,0) -> 0 | AJ24: =IF($W24*G24>150000,($W24*G24-150000)*6%*45%,0) -> 0 | AK24: =IF($W24*H24>150000,($W24*H24-150000)*6%*45%,0) -> 0 | AL24: =IF($W24*I24>150000,($W24*I24-150000)*6%*45%,0) -> 0 | AM24: =IF($W24*J24>150000,($W24*J24-150000)*6%*45%,0) -> 0 | AN24: =IF($W24*K24>150000,($W24*K24-150000)*6%*45%,0) -> 0 | AO24: =IF($W24*L24>150000,($W24*L24-150000)*6%*45%,0) -> 0 | AP24: =IF($W24*M24>150000,($W24*M24-150000)*6%*45%,0) -> 0 | ... AW24: =IF($W24*T24>150000,($W24*T24-150000)*6%*45%,0) -> 0 | AY24: =IF(ISERROR(VLOOKUP(C24,[26]일용직명단!$A$3:$M$1151,11,FALSE())),0,VLOOKUP(C24,[26]일용직명단!$A$3:$M$1151,11,FALSE())) -> 0
E25: =IF(ISERROR(VLOOKUP(C24,일용직명단!$A$3:$K$1246,9,FALSE())),0,VLOOKUP(C24,일용직명단!$A$3:$K$1246,9,FALSE())) -> 0 | W25: =W24*V24 -> 1800000 | X25: =IF(AH24<1000,0,AH24) -> 0 | Y25: =ROUNDDOWN(X25*10%,-1) -> 0 | Z25: =IF(AE24>=8,ROUNDDOWN(Y24*$Q$4,-1),0) -> 4130 | AC25: =IF(ISERROR(VLOOKUP(C24,일용직명단!$A$3:$I$1226,7,FALSE())),0,VLOOKUP(C24,일용직명단!$A$3:$I$1226,7,FALSE())) -> 401120-52-051004 | AI25: =IF($W24*F25>150000,($W24*F25-150000)*6%*45%,0) -> 0 | AJ25: =IF($W24*G25>150000,($W24*G25-150000)*6%*45%,0) -> 0 | AK25: =IF($W24*H25>150000,($W24*H25-150000)*6%*45%,0) -> 0 | AL25: =IF($W24*I25>150000,($W24*I25-150000)*6%*45%,0) -> 0 | AM25: =IF($W24*J25>150000,($W24*J25-150000)*6%*45%,0) -> 0 | AN25: =IF($W24*K25>150000,($W24*K25-150000)*6%*45%,0) -> 0 | AO25: =IF($W24*L25>150000,($W24*L25-150000)*6%*45%,0) -> 0 | AP25: =IF($W24*M25>150000,($W24*M25-150000)*6%*45%,0) -> 0 | ... AX25: =IF($W24*U25>150000,($W24*U25-150000)*6%*45%,0) -> 0
A26: =A24+1 -> 9 | C26: 김운수 | D26: =IF(ISERROR(VLOOKUP(C26,일용직명단!$A$3:$K$1246,3,FALSE())),0,VLOOKUP(C26,일용직명단!$A$3:$K$1246,3,FALSE())) -> 651227-1384614 | E26: =IF(ISERROR(VLOOKUP(C26,일용직명단!$A$3:$K$1246,4,FALSE())),0,VLOOKUP(C26,일용직명단!$A$3:$K$1246,4,FALSE())) -> 충북 옥천군 청산면 예곡2길8-10 | H26: 1 | I26: 1 | J26: 1 | K26: 1 | L26: 1 | M26: 1 | V26: =SUM(F26:U27) -> 6 | W26: =IF(ISERROR(VLOOKUP(C26,일용직명단!$A$3:$K$1246,8,FALSE())),0,VLOOKUP(C26,일용직명단!$A$3:$K$1246,8,FALSE())) -> 200000 | X26: =IFERROR(IF(AG26>=65,0,ROUNDDOWN(W27*$Z$4,-1)),0) -> 10800 | Y26: =IF(AE26>=8,ROUNDDOWN(W27*$M$4,-1),0) -> 0 | Z26: =IFERROR(IF(AND(COUNT(F26:U27)>=8,$AG26<60,W27<=5530000),ROUNDDOWN(ROUNDDOWN(W27,-3)*4.5%,-1),IF(AND(COUNT(F26:U27)>=8,AG26<60,W27>5530000),248850,0)),0) -> 0 | AA26: =+X26+Y26+X27+Y27+Z26+Z27 -> 19710 | AB26: =W27-AA26 -> 1180290 | AC26: =IF(ISERROR(VLOOKUP(C26,일용직명단!$A$3:$I$1226,5,FALSE())),0,VLOOKUP(C26,일용직명단!$A$3:$I$1226,5,FALSE())) -> 농협 | AD26: =IF(ISERROR(VLOOKUP(C26,일용직명단!$A$3:$I$1226,6,FALSE())),0,VLOOKUP(C26,일용직명단!$A$3:$I$1226,6,FALSE())) -> 김운수 | AE26: =COUNT(F26:U27) -> 6 | AF26: =IF(OR(MID(D26,8,1)="1",MID(D26,8,1)="2"),19&LEFT(D26,2),20&LEFT(D26,2))&"-"&MID(D26,3,2)&"-"&MID(D26,5,2) -> 1965-12-27 | AG26: =INT((TODAY()-AF26)/365.25) -> 60 | AH26: =ROUNDDOWN(SUM(AI26:AX27),-1) -> 8100 | AI26: =IF($W26*F26>150000,($W26*F26-150000)*6%*45%,0) -> 0 | AJ26: =IF($W26*G26>150000,($W26*G26-150000)*6%*45%,0) -> 0 | AK26: =IF($W26*H26>150000,($W26*H26-150000)*6%*45%,0) -> 1350 | AL26: =IF($W26*I26>150000,($W26*I26-150000)*6%*45%,0) -> 1350 | AM26: =IF($W26*J26>150000,($W26*J26-150000)*6%*45%,0) -> 1350 | AN26: =IF($W26*K26>150000,($W26*K26-150000)*6%*45%,0) -> 1350 | AO26: =IF($W26*L26>150000,($W26*L26-150000)*6%*45%,0) -> 1350 | AP26: =IF($W26*M26>150000,($W26*M26-150000)*6%*45%,0) -> 1350 | ... AW26: =IF($W26*T26>150000,($W26*T26-150000)*6%*45%,0) -> 0 | AY26: =IF(ISERROR(VLOOKUP(C26,[26]일용직명단!$A$3:$M$1151,11,FALSE())),0,VLOOKUP(C26,[26]일용직명단!$A$3:$M$1151,11,FALSE())) -> 0
E27: =IF(ISERROR(VLOOKUP(C26,일용직명단!$A$3:$K$1246,9,FALSE())),0,VLOOKUP(C26,일용직명단!$A$3:$K$1246,9,FALSE())) -> 0 | W27: =W26*V26 -> 1200000 | X27: =IF(AH26<1000,0,AH26) -> 8100 | Y27: =ROUNDDOWN(X27*10%,-1) -> 810 | Z27: =IF(AE26>=8,ROUNDDOWN(Y26*$Q$4,-1),0) -> 0 | AC27: =IF(ISERROR(VLOOKUP(C26,일용직명단!$A$3:$I$1226,7,FALSE())),0,VLOOKUP(C26,일용직명단!$A$3:$I$1226,7,FALSE())) -> 405054-52-107347 | AI27: =IF($W26*F27>150000,($W26*F27-150000)*6%*45%,0) -> 0 | AJ27: =IF($W26*G27>150000,($W26*G27-150000)*6%*45%,0) -> 0 | AK27: =IF($W26*H27>150000,($W26*H27-150000)*6%*45%,0) -> 0 | AL27: =IF($W26*I27>150000,($W26*I27-150000)*6%*45%,0) -> 0 | AM27: =IF($W26*J27>150000,($W26*J27-150000)*6%*45%,0) -> 0 | AN27: =IF($W26*K27>150000,($W26*K27-150000)*6%*45%,0) -> 0 | AO27: =IF($W26*L27>150000,($W26*L27-150000)*6%*45%,0) -> 0 | AP27: =IF($W26*M27>150000,($W26*M27-150000)*6%*45%,0) -> 0 | ... AX27: =IF($W26*U27>150000,($W26*U27-150000)*6%*45%,0) -> 0
A28: =A10+1 -> 2 | C28: 손승국 | D28: =IF(ISERROR(VLOOKUP(C28,일용직명단!$A$3:$K$1246,3,FALSE())),0,VLOOKUP(C28,일용직명단!$A$3:$K$1246,3,FALSE())) -> 0 | E28: =IF(ISERROR(VLOOKUP(C28,일용직명단!$A$3:$K$1246,4,FALSE())),0,VLOOKUP(C28,일용직명단!$A$3:$K$1246,4,FALSE())) -> 0 | H28: 1 | I28: 1 | J28: 1 | K28: 1 | L28: 1 | V28: =SUM(F28:U29) -> 7 | W28: =IF(ISERROR(VLOOKUP(C28,일용직명단!$A$3:$K$1246,8,FALSE())),0,VLOOKUP(C28,일용직명단!$A$3:$K$1246,8,FALSE())) -> 0 | X28: =IFERROR(IF(AG28>=65,0,ROUNDDOWN(W29*$Z$4,-1)),0) -> 0 | Y28: =IF(AE28>=8,ROUNDDOWN(W29*$M$4,-1),0) -> 0 | Z28: =IFERROR(IF(AND(COUNT(F28:U29)>=8,$AG28<60,W29<=5530000),ROUNDDOWN(ROUNDDOWN(W29,-3)*4.5%,-1),IF(AND(COUNT(F28:U29)>=8,AG28<60,W29>5530000),248850,0)),0) -> 0 | AA28: =+X28+Y28+X29+Y29+Z28+Z29 -> 0 | AB28: =W29-AA28 -> 0 | AC28: =IF(ISERROR(VLOOKUP(C28,일용직명단!$A$3:$I$1226,5,FALSE())),0,VLOOKUP(C28,일용직명단!$A$3:$I$1226,5,FALSE())) -> 0 | AD28: =IF(ISERROR(VLOOKUP(C28,일용직명단!$A$3:$I$1226,6,FALSE())),0,VLOOKUP(C28,일용직명단!$A$3:$I$1226,6,FALSE())) -> 0 | AE28: =COUNT(F28:U29) -> 7 | AF28: =IF(OR(MID(D28,8,1)="1",MID(D28,8,1)="2"),19&LEFT(D28,2),20&LEFT(D28,2))&"-"&MID(D28,3,2)&"-"&MID(D28,5,2) -> 200-- | AG28: =INT((TODAY()-AF28)/365.25) -> #VALUE! | AH28: =ROUNDDOWN(SUM(AI28:AX29),-1) -> 0 | AI28: =IF($W28*F28>150000,($W28*F28-150000)*6%*45%,0) -> 0 | AJ28: =IF($W28*G28>150000,($W28*G28-150000)*6%*45%,0) -> 0 | AK28: =IF($W28*H28>150000,($W28*H28-150000)*6%*45%,0) -> 0 | AL28: =IF($W28*I28>150000,($W28*I28-150000)*6%*45%,0) -> 0 | AM28: =IF($W28*J28>150000,($W28*J28-150000)*6%*45%,0) -> 0 | AN28: =IF($W28*K28>150000,($W28*K28-150000)*6%*45%,0) -> 0 | AO28: =IF($W28*L28>150000,($W28*L28-150000)*6%*45%,0) -> 0 | AP28: =IF($W28*M28>150000,($W28*M28-150000)*6%*45%,0) -> 0 | ... AW28: =IF($W28*T28>150000,($W28*T28-150000)*6%*45%,0) -> 0 | AY28: =IF(ISERROR(VLOOKUP(C28,[26]일용직명단!$A$3:$M$1151,11,FALSE())),0,VLOOKUP(C28,[26]일용직명단!$A$3:$M$1151,11,FALSE())) -> 0
E29: =IF(ISERROR(VLOOKUP(C28,일용직명단!$A$3:$K$1246,9,FALSE())),0,VLOOKUP(C28,일용직명단!$A$3:$K$1246,9,FALSE())) -> 0 | G29: 1 | H29: 1 | W29: =W28*V28 -> 0 | X29: =IF(AH28<1000,0,AH28) -> 0 | Y29: =ROUNDDOWN(X29*10%,-1) -> 0 | Z29: =IF(AE28>=8,ROUNDDOWN(Y28*$Q$4,-1),0) -> 0 | AC29: =IF(ISERROR(VLOOKUP(C28,일용직명단!$A$3:$I$1226,7,FALSE())),0,VLOOKUP(C28,일용직명단!$A$3:$I$1226,7,FALSE())) -> 0 | AI29: =IF($W28*F29>150000,($W28*F29-150000)*6%*45%,0) -> 0 | AJ29: =IF($W28*G29>150000,($W28*G29-150000)*6%*45%,0) -> 0 | AK29: =IF($W28*H29>150000,($W28*H29-150000)*6%*45%,0) -> 0 | AL29: =IF($W28*I29>150000,($W28*I29-150000)*6%*45%,0) -> 0 | AM29: =IF($W28*J29>150000,($W28*J29-150000)*6%*45%,0) -> 0 | AN29: =IF($W28*K29>150000,($W28*K29-150000)*6%*45%,0) -> 0 | AO29: =IF($W28*L29>150000,($W28*L29-150000)*6%*45%,0) -> 0 | AP29: =IF($W28*M29>150000,($W28*M29-150000)*6%*45%,0) -> 0 | ... AX29: =IF($W28*U29>150000,($W28*U29-150000)*6%*45%,0) -> 0
A30: =A28+1 -> 3 | B30: 수자원 | C30: 이선래 | D30: =IF(ISERROR(VLOOKUP(C30,일용직명단!$A$3:$K$1246,3,FALSE())),0,VLOOKUP(C30,일용직명단!$A$3:$K$1246,3,FALSE())) -> 0 | E30: =IF(ISERROR(VLOOKUP(C30,일용직명단!$A$3:$K$1246,4,FALSE())),0,VLOOKUP(C30,일용직명단!$A$3:$K$1246,4,FALSE())) -> 0 | H30: 1 | I30: 1 | J30: 1 | K30: 1 | L30: 1 | V30: =SUM(F30:U31) -> 7 | W30: =IF(ISERROR(VLOOKUP(C30,일용직명단!$A$3:$K$1246,8,FALSE())),0,VLOOKUP(C30,일용직명단!$A$3:$K$1246,8,FALSE())) -> 0 | X30: =IFERROR(IF(AG30>=65,0,ROUNDDOWN(W31*$Z$4,-1)),0) -> 0 | Y30: =IF(AE30>=8,ROUNDDOWN(W31*$M$4,-1),0) -> 0 | Z30: =IFERROR(IF(AND(COUNT(F30:U31)>=8,$AG30<60,W31<=5530000),ROUNDDOWN(ROUNDDOWN(W31,-3)*4.5%,-1),IF(AND(COUNT(F30:U31)>=8,AG30<60,W31>5530000),248850,0)),0) -> 0 | AA30: =+X30+Y30+X31+Y31+Z30+Z31 -> 0 | AB30: =W31-AA30 -> 0 | AC30: =IF(ISERROR(VLOOKUP(C30,일용직명단!$A$3:$I$1226,5,FALSE())),0,VLOOKUP(C30,일용직명단!$A$3:$I$1226,5,FALSE())) -> 0 | AD30: =IF(ISERROR(VLOOKUP(C30,일용직명단!$A$3:$I$1226,6,FALSE())),0,VLOOKUP(C30,일용직명단!$A$3:$I$1226,6,FALSE())) -> 0 | AE30: =COUNT(F30:U31) -> 7 | AF30: =IF(OR(MID(D30,8,1)="1",MID(D30,8,1)="2"),19&LEFT(D30,2),20&LEFT(D30,2))&"-"&MID(D30,3,2)&"-"&MID(D30,5,2) -> 200-- | AG30: =INT((TODAY()-AF30)/365.25) -> #VALUE! | AH30: =ROUNDDOWN(SUM(AI30:AX31),-1) -> 0 | AI30: =IF($W30*F30>150000,($W30*F30-150000)*6%*45%,0) -> 0 | AJ30: =IF($W30*G30>150000,($W30*G30-150000)*6%*45%,0) -> 0 | AK30: =IF($W30*H30>150000,($W30*H30-150000)*6%*45%,0) -> 0 | AL30: =IF($W30*I30>150000,($W30*I30-150000)*6%*45%,0) -> 0 | AM30: =IF($W30*J30>150000,($W30*J30-150000)*6%*45%,0) -> 0 | AN30: =IF($W30*K30>150000,($W30*K30-150000)*6%*45%,0) -> 0 | AO30: =IF($W30*L30>150000,($W30*L30-150000)*6%*45%,0) -> 0 | AP30: =IF($W30*M30>150000,($W30*M30-150000)*6%*45%,0) -> 0 | ... AW30: =IF($W30*T30>150000,($W30*T30-150000)*6%*45%,0) -> 0 | AY30: =IF(ISERROR(VLOOKUP(C30,[26]일용직명단!$A$3:$M$1151,11,FALSE())),0,VLOOKUP(C30,[26]일용직명단!$A$3:$M$1151,11,FALSE())) -> 0
E31: =IF(ISERROR(VLOOKUP(C30,일용직명단!$A$3:$K$1246,9,FALSE())),0,VLOOKUP(C30,일용직명단!$A$3:$K$1246,9,FALSE())) -> 0 | G31: 1 | H31: 1 | W31: =W30*V30 -> 0 | X31: =IF(AH30<1000,0,AH30) -> 0 | Y31: =ROUNDDOWN(X31*10%,-1) -> 0 | Z31: =IF(AE30>=8,ROUNDDOWN(Y30*$Q$4,-1),0) -> 0 | AC31: =IF(ISERROR(VLOOKUP(C30,일용직명단!$A$3:$I$1226,7,FALSE())),0,VLOOKUP(C30,일용직명단!$A$3:$I$1226,7,FALSE())) -> 0 | AI31: =IF($W30*F31>150000,($W30*F31-150000)*6%*45%,0) -> 0 | AJ31: =IF($W30*G31>150000,($W30*G31-150000)*6%*45%,0) -> 0 | AK31: =IF($W30*H31>150000,($W30*H31-150000)*6%*45%,0) -> 0 | AL31: =IF($W30*I31>150000,($W30*I31-150000)*6%*45%,0) -> 0 | AM31: =IF($W30*J31>150000,($W30*J31-150000)*6%*45%,0) -> 0 | AN31: =IF($W30*K31>150000,($W30*K31-150000)*6%*45%,0) -> 0 | AO31: =IF($W30*L31>150000,($W30*L31-150000)*6%*45%,0) -> 0 | AP31: =IF($W30*M31>150000,($W30*M31-150000)*6%*45%,0) -> 0 | ... AX31: =IF($W30*U31>150000,($W30*U31-150000)*6%*45%,0) -> 0
A32: =A30+1 -> 4 | B32: 대민분 | C32: 손광희 | D32: =IF(ISERROR(VLOOKUP(C32,일용직명단!$A$3:$K$1246,3,FALSE())),0,VLOOKUP(C32,일용직명단!$A$3:$K$1246,3,FALSE())) -> 0 | E32: =IF(ISERROR(VLOOKUP(C32,일용직명단!$A$3:$K$1246,4,FALSE())),0,VLOOKUP(C32,일용직명단!$A$3:$K$1246,4,FALSE())) -> 0 | H32: 1 | I32: 1 | J32: 1 | K32: 1 | L32: 1 | V32: =SUM(F32:U33) -> 7 | W32: =IF(ISERROR(VLOOKUP(C32,일용직명단!$A$3:$K$1246,8,FALSE())),0,VLOOKUP(C32,일용직명단!$A$3:$K$1246,8,FALSE())) -> 0 | X32: =IFERROR(IF(AG32>=65,0,ROUNDDOWN(W33*$Z$4,-1)),0) -> 0 | Y32: =IF(AE32>=8,ROUNDDOWN(W33*$M$4,-1),0) -> 0 | Z32: =IFERROR(IF(AND(COUNT(F32:U33)>=8,$AG32<60,W33<=5530000),ROUNDDOWN(ROUNDDOWN(W33,-3)*4.5%,-1),IF(AND(COUNT(F32:U33)>=8,AG32<60,W33>5530000),248850,0)),0) -> 0 | AA32: =+X32+Y32+X33+Y33+Z32+Z33 -> 0 | AB32: =W33-AA32 -> 0 | AC32: =IF(ISERROR(VLOOKUP(C32,일용직명단!$A$3:$I$1226,5,FALSE())),0,VLOOKUP(C32,일용직명단!$A$3:$I$1226,5,FALSE())) -> 0 | AD32: =IF(ISERROR(VLOOKUP(C32,일용직명단!$A$3:$I$1226,6,FALSE())),0,VLOOKUP(C32,일용직명단!$A$3:$I$1226,6,FALSE())) -> 0 | AE32: =COUNT(F32:U33) -> 7 | AF32: =IF(OR(MID(D32,8,1)="1",MID(D32,8,1)="2"),19&LEFT(D32,2),20&LEFT(D32,2))&"-"&MID(D32,3,2)&"-"&MID(D32,5,2) -> 200-- | AG32: =INT((TODAY()-AF32)/365.25) -> #VALUE! | AH32: =ROUNDDOWN(SUM(AI32:AX33),-1) -> 0 | AI32: =IF($W32*F32>150000,($W32*F32-150000)*6%*45%,0) -> 0 | AJ32: =IF($W32*G32>150000,($W32*G32-150000)*6%*45%,0) -> 0 | AK32: =IF($W32*H32>150000,($W32*H32-150000)*6%*45%,0) -> 0 | AL32: =IF($W32*I32>150000,($W32*I32-150000)*6%*45%,0) -> 0 | AM32: =IF($W32*J32>150000,($W32*J32-150000)*6%*45%,0) -> 0 | AN32: =IF($W32*K32>150000,($W32*K32-150000)*6%*45%,0) -> 0 | AO32: =IF($W32*L32>150000,($W32*L32-150000)*6%*45%,0) -> 0 | AP32: =IF($W32*M32>150000,($W32*M32-150000)*6%*45%,0) -> 0 | ... AW32: =IF($W32*T32>150000,($W32*T32-150000)*6%*45%,0) -> 0 | AY32: =IF(ISERROR(VLOOKUP(C32,[26]일용직명단!$A$3:$M$1151,11,FALSE())),0,VLOOKUP(C32,[26]일용직명단!$A$3:$M$1151,11,FALSE())) -> 0
E33: =IF(ISERROR(VLOOKUP(C32,일용직명단!$A$3:$K$1246,9,FALSE())),0,VLOOKUP(C32,일용직명단!$A$3:$K$1246,9,FALSE())) -> 0 | G33: 1 | H33: 1 | W33: =W32*V32 -> 0 | X33: =IF(AH32<1000,0,AH32) -> 0 | Y33: =ROUNDDOWN(X33*10%,-1) -> 0 | Z33: =IF(AE32>=8,ROUNDDOWN(Y32*$Q$4,-1),0) -> 0 | AC33: =IF(ISERROR(VLOOKUP(C32,일용직명단!$A$3:$I$1226,7,FALSE())),0,VLOOKUP(C32,일용직명단!$A$3:$I$1226,7,FALSE())) -> 0 | AI33: =IF($W32*F33>150000,($W32*F33-150000)*6%*45%,0) -> 0 | AJ33: =IF($W32*G33>150000,($W32*G33-150000)*6%*45%,0) -> 0 | AK33: =IF($W32*H33>150000,($W32*H33-150000)*6%*45%,0) -> 0 | AL33: =IF($W32*I33>150000,($W32*I33-150000)*6%*45%,0) -> 0 | AM33: =IF($W32*J33>150000,($W32*J33-150000)*6%*45%,0) -> 0 | AN33: =IF($W32*K33>150000,($W32*K33-150000)*6%*45%,0) -> 0 | AO33: =IF($W32*L33>150000,($W32*L33-150000)*6%*45%,0) -> 0 | AP33: =IF($W32*M33>150000,($W32*M33-150000)*6%*45%,0) -> 0 | ... AX33: =IF($W32*U33>150000,($W32*U33-150000)*6%*45%,0) -> 0
A34: =A32+1 -> 5 | B34: 제천늘봄 | C34: 김규엽 | D34: =IF(ISERROR(VLOOKUP(C34,일용직명단!$A$3:$K$1246,3,FALSE())),0,VLOOKUP(C34,일용직명단!$A$3:$K$1246,3,FALSE())) -> 0 | E34: =IF(ISERROR(VLOOKUP(C34,일용직명단!$A$3:$K$1246,4,FALSE())),0,VLOOKUP(C34,일용직명단!$A$3:$K$1246,4,FALSE())) -> 0 | H34: 1 | I34: 1 | J34: 1 | K34: 1 | V34: =SUM(F34:U35) -> 7 | W34: =IF(ISERROR(VLOOKUP(C34,일용직명단!$A$3:$K$1246,8,FALSE())),0,VLOOKUP(C34,일용직명단!$A$3:$K$1246,8,FALSE())) -> 0 | X34: =IFERROR(IF(AG34>=65,0,ROUNDDOWN(W35*$Z$4,-1)),0) -> 0 | Y34: =IF(AE34>=8,ROUNDDOWN(W35*$M$4,-1),0) -> 0 | Z34: =IFERROR(IF(AND(COUNT(F34:U35)>=8,$AG34<60,W35<=5530000),ROUNDDOWN(ROUNDDOWN(W35,-3)*4.5%,-1),IF(AND(COUNT(F34:U35)>=8,AG34<60,W35>5530000),248850,0)),0) -> 0 | AA34: =+X34+Y34+X35+Y35+Z34+Z35 -> 0 | AB34: =W35-AA34 -> 0 | AC34: =IF(ISERROR(VLOOKUP(C34,일용직명단!$A$3:$I$1226,5,FALSE())),0,VLOOKUP(C34,일용직명단!$A$3:$I$1226,5,FALSE())) -> 0 | AD34: =IF(ISERROR(VLOOKUP(C34,일용직명단!$A$3:$I$1226,6,FALSE())),0,VLOOKUP(C34,일용직명단!$A$3:$I$1226,6,FALSE())) -> 0 | AE34: =COUNT(F34:U35) -> 7 | AF34: =IF(OR(MID(D34,8,1)="1",MID(D34,8,1)="2"),19&LEFT(D34,2),20&LEFT(D34,2))&"-"&MID(D34,3,2)&"-"&MID(D34,5,2) -> 200-- | AG34: =INT((TODAY()-AF34)/365.25) -> #VALUE! | AH34: =ROUNDDOWN(SUM(AI34:AX35),-1) -> 0 | AI34: =IF($W34*F34>150000,($W34*F34-150000)*6%*45%,0) -> 0 | AJ34: =IF($W34*G34>150000,($W34*G34-150000)*6%*45%,0) -> 0 | AK34: =IF($W34*H34>150000,($W34*H34-150000)*6%*45%,0) -> 0 | AL34: =IF($W34*I34>150000,($W34*I34-150000)*6%*45%,0) -> 0 | AM34: =IF($W34*J34>150000,($W34*J34-150000)*6%*45%,0) -> 0 | AN34: =IF($W34*K34>150000,($W34*K34-150000)*6%*45%,0) -> 0 | AO34: =IF($W34*L34>150000,($W34*L34-150000)*6%*45%,0) -> 0 | AP34: =IF($W34*M34>150000,($W34*M34-150000)*6%*45%,0) -> 0 | ... AW34: =IF($W34*T34>150000,($W34*T34-150000)*6%*45%,0) -> 0 | AY34: =IF(ISERROR(VLOOKUP(C34,[26]일용직명단!$A$3:$M$1151,11,FALSE())),0,VLOOKUP(C34,[26]일용직명단!$A$3:$M$1151,11,FALSE())) -> 0
E35: =IF(ISERROR(VLOOKUP(C34,일용직명단!$A$3:$K$1246,9,FALSE())),0,VLOOKUP(C34,일용직명단!$A$3:$K$1246,9,FALSE())) -> 0 | G35: 1 | H35: 1 | I35: 1 | W35: =W34*V34 -> 0 | X35: =IF(AH34<1000,0,AH34) -> 0 | Y35: =ROUNDDOWN(X35*10%,-1) -> 0 | Z35: =IF(AE34>=8,ROUNDDOWN(Y34*$Q$4,-1),0) -> 0 | AC35: =IF(ISERROR(VLOOKUP(C34,일용직명단!$A$3:$I$1226,7,FALSE())),0,VLOOKUP(C34,일용직명단!$A$3:$I$1226,7,FALSE())) -> 0 | AI35: =IF($W34*F35>150000,($W34*F35-150000)*6%*45%,0) -> 0 | AJ35: =IF($W34*G35>150000,($W34*G35-150000)*6%*45%,0) -> 0 | AK35: =IF($W34*H35>150000,($W34*H35-150000)*6%*45%,0) -> 0 | AL35: =IF($W34*I35>150000,($W34*I35-150000)*6%*45%,0) -> 0 | AM35: =IF($W34*J35>150000,($W34*J35-150000)*6%*45%,0) -> 0 | AN35: =IF($W34*K35>150000,($W34*K35-150000)*6%*45%,0) -> 0 | AO35: =IF($W34*L35>150000,($W34*L35-150000)*6%*45%,0) -> 0 | AP35: =IF($W34*M35>150000,($W34*M35-150000)*6%*45%,0) -> 0 | ... AX35: =IF($W34*U35>150000,($W34*U35-150000)*6%*45%,0) -> 0
A36: =A34+1 -> 6 | B36: 새암 | C36: 박찬순 | D36: =IF(ISERROR(VLOOKUP(C36,일용직명단!$A$3:$K$1246,3,FALSE())),0,VLOOKUP(C36,일용직명단!$A$3:$K$1246,3,FALSE())) -> 0 | E36: =IF(ISERROR(VLOOKUP(C36,일용직명단!$A$3:$K$1246,4,FALSE())),0,VLOOKUP(C36,일용직명단!$A$3:$K$1246,4,FALSE())) -> 0 | H36: 1 | I36: 1 | J36: 1 | K36: 1 | L36: 1 | V36: =SUM(F36:U37) -> 7 | W36: =IF(ISERROR(VLOOKUP(C36,일용직명단!$A$3:$K$1246,8,FALSE())),0,VLOOKUP(C36,일용직명단!$A$3:$K$1246,8,FALSE())) -> 0 | X36: =IFERROR(IF(AG36>=65,0,ROUNDDOWN(W37*$Z$4,-1)),0) -> 0 | Y36: =IF(AE36>=8,ROUNDDOWN(W37*$M$4,-1),0) -> 0 | Z36: =IFERROR(IF(AND(COUNT(F36:U37)>=8,$AG36<60,W37<=5530000),ROUNDDOWN(ROUNDDOWN(W37,-3)*4.5%,-1),IF(AND(COUNT(F36:U37)>=8,AG36<60,W37>5530000),248850,0)),0) -> 0 | AA36: =+X36+Y36+X37+Y37+Z36+Z37 -> 0 | AB36: =W37-AA36 -> 0 | AC36: =IF(ISERROR(VLOOKUP(C36,일용직명단!$A$3:$I$1226,5,FALSE())),0,VLOOKUP(C36,일용직명단!$A$3:$I$1226,5,FALSE())) -> 0 | AD36: =IF(ISERROR(VLOOKUP(C36,일용직명단!$A$3:$I$1226,6,FALSE())),0,VLOOKUP(C36,일용직명단!$A$3:$I$1226,6,FALSE())) -> 0 | AE36: =COUNT(F36:U37) -> 7 | AF36: =IF(OR(MID(D36,8,1)="1",MID(D36,8,1)="2"),19&LEFT(D36,2),20&LEFT(D36,2))&"-"&MID(D36,3,2)&"-"&MID(D36,5,2) -> 200-- | AG36: =INT((TODAY()-AF36)/365.25) -> #VALUE! | AH36: =ROUNDDOWN(SUM(AI36:AX37),-1) -> 0 | AI36: =IF($W36*F36>150000,($W36*F36-150000)*6%*45%,0) -> 0 | AJ36: =IF($W36*G36>150000,($W36*G36-150000)*6%*45%,0) -> 0 | AK36: =IF($W36*H36>150000,($W36*H36-150000)*6%*45%,0) -> 0 | AL36: =IF($W36*I36>150000,($W36*I36-150000)*6%*45%,0) -> 0 | AM36: =IF($W36*J36>150000,($W36*J36-150000)*6%*45%,0) -> 0 | AN36: =IF($W36*K36>150000,($W36*K36-150000)*6%*45%,0) -> 0 | AO36: =IF($W36*L36>150000,($W36*L36-150000)*6%*45%,0) -> 0 | AP36: =IF($W36*M36>150000,($W36*M36-150000)*6%*45%,0) -> 0 | ... AW36: =IF($W36*T36>150000,($W36*T36-150000)*6%*45%,0) -> 0 | AY36: =IF(ISERROR(VLOOKUP(C36,[26]일용직명단!$A$3:$M$1151,11,FALSE())),0,VLOOKUP(C36,[26]일용직명단!$A$3:$M$1151,11,FALSE())) -> 0
E37: =IF(ISERROR(VLOOKUP(C36,일용직명단!$A$3:$K$1246,9,FALSE())),0,VLOOKUP(C36,일용직명단!$A$3:$K$1246,9,FALSE())) -> 0 | G37: 1 | H37: 1 | W37: =W36*V36 -> 0 | X37: =IF(AH36<1000,0,AH36) -> 0 | Y37: =ROUNDDOWN(X37*10%,-1) -> 0 | Z37: =IF(AE36>=8,ROUNDDOWN(Y36*$Q$4,-1),0) -> 0 | AC37: =IF(ISERROR(VLOOKUP(C36,일용직명단!$A$3:$I$1226,7,FALSE())),0,VLOOKUP(C36,일용직명단!$A$3:$I$1226,7,FALSE())) -> 0 | AI37: =IF($W36*F37>150000,($W36*F37-150000)*6%*45%,0) -> 0 | AJ37: =IF($W36*G37>150000,($W36*G37-150000)*6%*45%,0) -> 0 | AK37: =IF($W36*H37>150000,($W36*H37-150000)*6%*45%,0) -> 0 | AL37: =IF($W36*I37>150000,($W36*I37-150000)*6%*45%,0) -> 0 | AM37: =IF($W36*J37>150000,($W36*J37-150000)*6%*45%,0) -> 0 | AN37: =IF($W36*K37>150000,($W36*K37-150000)*6%*45%,0) -> 0 | AO37: =IF($W36*L37>150000,($W36*L37-150000)*6%*45%,0) -> 0 | AP37: =IF($W36*M37>150000,($W36*M37-150000)*6%*45%,0) -> 0 | ... AX37: =IF($W36*U37>150000,($W36*U37-150000)*6%*45%,0) -> 0
A38: =A36+1 -> 7 | C38: 김외자 | D38: =IF(ISERROR(VLOOKUP(C38,일용직명단!$A$3:$K$1246,3,FALSE())),0,VLOOKUP(C38,일용직명단!$A$3:$K$1246,3,FALSE())) -> 0 | E38: =IF(ISERROR(VLOOKUP(C38,일용직명단!$A$3:$K$1246,4,FALSE())),0,VLOOKUP(C38,일용직명단!$A$3:$K$1246,4,FALSE())) -> 0 | I38: 1 | J38: 1 | K38: 1 | L38: 1 | V38: =SUM(F38:U39) -> 7 | W38: =IF(ISERROR(VLOOKUP(C38,일용직명단!$A$3:$K$1246,8,FALSE())),0,VLOOKUP(C38,일용직명단!$A$3:$K$1246,8,FALSE())) -> 0 | X38: =IFERROR(IF(AG38>=65,0,ROUNDDOWN(W39*$Z$4,-1)),0) -> 0 | Y38: =IF(AE38>=8,ROUNDDOWN(W39*$M$4,-1),0) -> 0 | Z38: =IFERROR(IF(AND(COUNT(F38:U39)>=8,$AG38<60,W39<=5530000),ROUNDDOWN(ROUNDDOWN(W39,-3)*4.5%,-1),IF(AND(COUNT(F38:U39)>=8,AG38<60,W39>5530000),248850,0)),0) -> 0 | AA38: =+X38+Y38+X39+Y39+Z38+Z39 -> 0 | AB38: =W39-AA38 -> 0 | AC38: =IF(ISERROR(VLOOKUP(C38,일용직명단!$A$3:$I$1226,5,FALSE())),0,VLOOKUP(C38,일용직명단!$A$3:$I$1226,5,FALSE())) -> 0 | AD38: =IF(ISERROR(VLOOKUP(C38,일용직명단!$A$3:$I$1226,6,FALSE())),0,VLOOKUP(C38,일용직명단!$A$3:$I$1226,6,FALSE())) -> 0 | AE38: =COUNT(F38:U39) -> 7 | AF38: =IF(OR(MID(D38,8,1)="1",MID(D38,8,1)="2"),19&LEFT(D38,2),20&LEFT(D38,2))&"-"&MID(D38,3,2)&"-"&MID(D38,5,2) -> 200-- | AG38: =INT((TODAY()-AF38)/365.25) -> #VALUE! | AH38: =ROUNDDOWN(SUM(AI38:AX39),-1) -> 0 | AI38: =IF($W38*F38>150000,($W38*F38-150000)*6%*45%,0) -> 0 | AJ38: =IF($W38*G38>150000,($W38*G38-150000)*6%*45%,0) -> 0 | AK38: =IF($W38*H38>150000,($W38*H38-150000)*6%*45%,0) -> 0 | AL38: =IF($W38*I38>150000,($W38*I38-150000)*6%*45%,0) -> 0 | AM38: =IF($W38*J38>150000,($W38*J38-150000)*6%*45%,0) -> 0 | AN38: =IF($W38*K38>150000,($W38*K38-150000)*6%*45%,0) -> 0 | AO38: =IF($W38*L38>150000,($W38*L38-150000)*6%*45%,0) -> 0 | AP38: =IF($W38*M38>150000,($W38*M38-150000)*6%*45%,0) -> 0 | ... AW38: =IF($W38*T38>150000,($W38*T38-150000)*6%*45%,0) -> 0 | AY38: =IF(ISERROR(VLOOKUP(C38,[26]일용직명단!$A$3:$M$1151,11,FALSE())),0,VLOOKUP(C38,[26]일용직명단!$A$3:$M$1151,11,FALSE())) -> 0
E39: =IF(ISERROR(VLOOKUP(C38,일용직명단!$A$3:$K$1246,9,FALSE())),0,VLOOKUP(C38,일용직명단!$A$3:$K$1246,9,FALSE())) -> 0 | N39: 1 | P39: 1 | R39: 1 | W39: =W38*V38 -> 0 | X39: =IF(AH38<1000,0,AH38) -> 0 | Y39: =ROUNDDOWN(X39*10%,-1) -> 0 | Z39: =IF(AE38>=8,ROUNDDOWN(Y38*$Q$4,-1),0) -> 0 | AC39: =IF(ISERROR(VLOOKUP(C38,일용직명단!$A$3:$I$1226,7,FALSE())),0,VLOOKUP(C38,일용직명단!$A$3:$I$1226,7,FALSE())) -> 0 | AI39: =IF($W38*F39>150000,($W38*F39-150000)*6%*45%,0) -> 0 | AJ39: =IF($W38*G39>150000,($W38*G39-150000)*6%*45%,0) -> 0 | AK39: =IF($W38*H39>150000,($W38*H39-150000)*6%*45%,0) -> 0 | AL39: =IF($W38*I39>150000,($W38*I39-150000)*6%*45%,0) -> 0 | AM39: =IF($W38*J39>150000,($W38*J39-150000)*6%*45%,0) -> 0 | AN39: =IF($W38*K39>150000,($W38*K39-150000)*6%*45%,0) -> 0 | AO39: =IF($W38*L39>150000,($W38*L39-150000)*6%*45%,0) -> 0 | AP39: =IF($W38*M39>150000,($W38*M39-150000)*6%*45%,0) -> 0 | ... AX39: =IF($W38*U39>150000,($W38*U39-150000)*6%*45%,0) -> 0
A40: =A26+1 -> 10 | C40: 민헌기 | D40: =IF(ISERROR(VLOOKUP(C40,일용직명단!$A$3:$K$1246,3,FALSE())),0,VLOOKUP(C40,일용직명단!$A$3:$K$1246,3,FALSE())) -> 601219-1386711 | E40: =IF(ISERROR(VLOOKUP(C40,일용직명단!$A$3:$K$1246,4,FALSE())),0,VLOOKUP(C40,일용직명단!$A$3:$K$1246,4,FALSE())) -> 충북 영동군 양강면 내만길 173 (만계리 156-4) | K40: 1 | L40: 1 | M40: 1 | P40: 1 | Q40: 1 | R40: 1 | S40: 1 | T40: 1 | V40: =SUM(F40:U41) -> 12 | W40: =IF(ISERROR(VLOOKUP(C40,일용직명단!$A$3:$K$1246,8,FALSE())),0,VLOOKUP(C40,일용직명단!$A$3:$K$1246,8,FALSE())) -> 150000 | X40: =IFERROR(IF(AG40>=65,0,ROUNDDOWN(W41*$Z$4,-1)),0) -> 0 | Y40: =IF(AE40>=8,ROUNDDOWN(W41*$M$4,-1),0) -> 63810 | Z40: =IFERROR(IF(AND(COUNT(F40:U41)>=8,$AG40<60,W41<=5530000),ROUNDDOWN(ROUNDDOWN(W41,-3)*4.5%,-1),IF(AND(COUNT(F40:U41)>=8,AG40<60,W41>5530000),248850,0)),0) -> 0 | AA40: =+X40+Y40+X41+Y41+Z40+Z41 -> 67940 | AB40: =W41-AA40 -> 1732060 | AC40: =IF(ISERROR(VLOOKUP(C40,일용직명단!$A$3:$I$1226,5,FALSE())),0,VLOOKUP(C40,일용직명단!$A$3:$I$1226,5,FALSE())) -> 농협 | AD40: =IF(ISERROR(VLOOKUP(C40,일용직명단!$A$3:$I$1226,6,FALSE())),0,VLOOKUP(C40,일용직명단!$A$3:$I$1226,6,FALSE())) -> 민헌기 | AE40: =COUNT(F40:U41) -> 12 | AF40: =IF(OR(MID(D40,8,1)="1",MID(D40,8,1)="2"),19&LEFT(D40,2),20&LEFT(D40,2))&"-"&MID(D40,3,2)&"-"&MID(D40,5,2) -> 1960-12-19 | AG40: =INT((TODAY()-AF40)/365.25) -> 65 | AH40: =ROUNDDOWN(SUM(AI40:AX41),-1) -> 0 | AI40: =IF($W40*F40>150000,($W40*F40-150000)*6%*45%,0) -> 0 | AJ40: =IF($W40*G40>150000,($W40*G40-150000)*6%*45%,0) -> 0 | AK40: =IF($W40*H40>150000,($W40*H40-150000)*6%*45%,0) -> 0 | AL40: =IF($W40*I40>150000,($W40*I40-150000)*6%*45%,0) -> 0 | AM40: =IF($W40*J40>150000,($W40*J40-150000)*6%*45%,0) -> 0 | AN40: =IF($W40*K40>150000,($W40*K40-150000)*6%*45%,0) -> 0 | AO40: =IF($W40*L40>150000,($W40*L40-150000)*6%*45%,0) -> 0 | AP40: =IF($W40*M40>150000,($W40*M40-150000)*6%*45%,0) -> 0 | ... AW40: =IF($W40*T40>150000,($W40*T40-150000)*6%*45%,0) -> 0 | AY40: =IF(ISERROR(VLOOKUP(C40,[26]일용직명단!$A$3:$M$1151,11,FALSE())),0,VLOOKUP(C40,[26]일용직명단!$A$3:$M$1151,11,FALSE())) -> 29157
E41: =IF(ISERROR(VLOOKUP(C40,일용직명단!$A$3:$K$1246,9,FALSE())),0,VLOOKUP(C40,일용직명단!$A$3:$K$1246,9,FALSE())) -> 010-5338-5196 | G41: 1 | H41: 1 | I41: 1 | J41: 1 | W41: =W40*V40 -> 1800000 | X41: =IF(AH40<1000,0,AH40) -> 0 | Y41: =ROUNDDOWN(X41*10%,-1) -> 0 | Z41: =IF(AE40>=8,ROUNDDOWN(Y40*$Q$4,-1),0) -> 4130 | AC41: =IF(ISERROR(VLOOKUP(C40,일용직명단!$A$3:$I$1226,7,FALSE())),0,VLOOKUP(C40,일용직명단!$A$3:$I$1226,7,FALSE())) -> 352-0293-9952-13 | AI41: =IF($W40*F41>150000,($W40*F41-150000)*6%*45%,0) -> 0 | AJ41: =IF($W40*G41>150000,($W40*G41-150000)*6%*45%,0) -> 0 | AK41: =IF($W40*H41>150000,($W40*H41-150000)*6%*45%,0) -> 0 | AL41: =IF($W40*I41>150000,($W40*I41-150000)*6%*45%,0) -> 0 | AM41: =IF($W40*J41>150000,($W40*J41-150000)*6%*45%,0) -> 0 | AN41: =IF($W40*K41>150000,($W40*K41-150000)*6%*45%,0) -> 0 | AO41: =IF($W40*L41>150000,($W40*L41-150000)*6%*45%,0) -> 0 | AP41: =IF($W40*M41>150000,($W40*M41-150000)*6%*45%,0) -> 0 | ... AX41: =IF($W40*U41>150000,($W40*U41-150000)*6%*45%,0) -> 0
A42: =A40+1 -> 11 | B42: =IF(ISERROR(VLOOKUP(C42,일용직명단!$A$3:$I$104,2,FALSE())),0,VLOOKUP(C42,일용직명단!$A$3:$I$104,2,FALSE())) -> 0 | C42: 박봉열 | D42: =IF(ISERROR(VLOOKUP(C42,일용직명단!$A$3:$K$1246,3,FALSE())),0,VLOOKUP(C42,일용직명단!$A$3:$K$1246,3,FALSE())) -> 630605-1182813 | E42: =IF(ISERROR(VLOOKUP(C42,일용직명단!$A$3:$K$1246,4,FALSE())),0,VLOOKUP(C42,일용직명단!$A$3:$K$1246,4,FALSE())) -> 인천광역시 남동구 인주대로 857, 102동 105호(만수동,삼환아파트) | K42: 1 | L42: 1 | M42: 1 | P42: 1 | Q42: 1 | R42: 1 | S42: 1 | T42: 1 | V42: =SUM(F42:U43) -> 12 | W42: =IF(ISERROR(VLOOKUP(C42,일용직명단!$A$3:$K$1246,8,FALSE())),0,VLOOKUP(C42,일용직명단!$A$3:$K$1246,8,FALSE())) -> 150000 | X42: =IFERROR(IF(AG42>=65,0,ROUNDDOWN(W43*$Z$4,-1)),0) -> 16200 | Y42: =IF(AE42>=8,ROUNDDOWN(W43*$M$4,-1),0) -> 63810 | Z42: =IFERROR(IF(AND(COUNT(F42:U43)>=8,$AG42<60,W43<=5530000),ROUNDDOWN(ROUNDDOWN(W43,-3)*4.5%,-1),IF(AND(COUNT(F42:U43)>=8,AG42<60,W43>5530000),248850,0)),0) -> 0 | AA42: =+X42+Y42+X43+Y43+Z42+Z43 -> 84140 | AB42: =W43-AA42 -> 1715860 | AC42: =IF(ISERROR(VLOOKUP(C42,일용직명단!$A$3:$I$1226,5,FALSE())),0,VLOOKUP(C42,일용직명단!$A$3:$I$1226,5,FALSE())) -> 새마을 | AD42: =IF(ISERROR(VLOOKUP(C42,일용직명단!$A$3:$I$1226,6,FALSE())),0,VLOOKUP(C42,일용직명단!$A$3:$I$1226,6,FALSE())) -> 박봉열 | AE42: =COUNT(F42:U43) -> 12 | AF42: =IF(OR(MID(D42,8,1)="1",MID(D42,8,1)="2"),19&LEFT(D42,2),20&LEFT(D42,2))&"-"&MID(D42,3,2)&"-"&MID(D42,5,2) -> 1963-06-05 | AG42: =INT((TODAY()-AF42)/365.25) -> 62 | AH42: =ROUNDDOWN(SUM(AI42:AX43),-1) -> 0 | AI42: =IF($W42*F42>150000,($W42*F42-150000)*6%*45%,0) -> 0 | AJ42: =IF($W42*G42>150000,($W42*G42-150000)*6%*45%,0) -> 0 | AK42: =IF($W42*H42>150000,($W42*H42-150000)*6%*45%,0) -> 0 | AL42: =IF($W42*I42>150000,($W42*I42-150000)*6%*45%,0) -> 0 | AM42: =IF($W42*J42>150000,($W42*J42-150000)*6%*45%,0) -> 0 | AN42: =IF($W42*K42>150000,($W42*K42-150000)*6%*45%,0) -> 0 | AO42: =IF($W42*L42>150000,($W42*L42-150000)*6%*45%,0) -> 0 | AP42: =IF($W42*M42>150000,($W42*M42-150000)*6%*45%,0) -> 0 | ... AW42: =IF($W42*T42>150000,($W42*T42-150000)*6%*45%,0) -> 0 | AY42: =IF(ISERROR(VLOOKUP(C42,[26]일용직명단!$A$3:$M$1151,11,FALSE())),0,VLOOKUP(C42,[26]일용직명단!$A$3:$M$1151,11,FALSE())) -> 0
E43: =IF(ISERROR(VLOOKUP(C42,일용직명단!$A$3:$K$1246,9,FALSE())),0,VLOOKUP(C42,일용직명단!$A$3:$K$1246,9,FALSE())) -> 0 | G43: 1 | H43: 1 | I43: 1 | J43: 1 | W43: =W42*V42 -> 1800000 | X43: =IF(AH42<1000,0,AH42) -> 0 | Y43: =ROUNDDOWN(X43*10%,-1) -> 0 | Z43: =IF(AE42>=8,ROUNDDOWN(Y42*$Q$4,-1),0) -> 4130 | AC43: =IF(ISERROR(VLOOKUP(C42,일용직명단!$A$3:$I$1226,7,FALSE())),0,VLOOKUP(C42,일용직명단!$A$3:$I$1226,7,FALSE())) -> 2306-09-0087630-4 | AI43: =IF($W42*F43>150000,($W42*F43-150000)*6%*45%,0) -> 0 | AJ43: =IF($W42*G43>150000,($W42*G43-150000)*6%*45%,0) -> 0 | AK43: =IF($W42*H43>150000,($W42*H43-150000)*6%*45%,0) -> 0 | AL43: =IF($W42*I43>150000,($W42*I43-150000)*6%*45%,0) -> 0 | AM43: =IF($W42*J43>150000,($W42*J43-150000)*6%*45%,0) -> 0 | AN43: =IF($W42*K43>150000,($W42*K43-150000)*6%*45%,0) -> 0 | AO43: =IF($W42*L43>150000,($W42*L43-150000)*6%*45%,0) -> 0 | AP43: =IF($W42*M43>150000,($W42*M43-150000)*6%*45%,0) -> 0 | ... AX43: =IF($W42*U43>150000,($W42*U43-150000)*6%*45%,0) -> 0
A44: =A42+1 -> 12 | B44: 건우 | C44: 민백규 | D44: =IF(ISERROR(VLOOKUP(C44,일용직명단!$A$3:$K$1246,3,FALSE())),0,VLOOKUP(C44,일용직명단!$A$3:$K$1246,3,FALSE())) -> 600810-1386721 | E44: =IF(ISERROR(VLOOKUP(C44,일용직명단!$A$3:$K$1246,4,FALSE())),0,VLOOKUP(C44,일용직명단!$A$3:$K$1246,4,FALSE())) -> 충북 영동군 양강면 내만길 178-2 | K44: 1 | L44: 1 | M44: 1 | P44: 1 | Q44: 1 | R44: 1 | S44: 1 | T44: 1 | V44: =SUM(F44:U45) -> 12 | W44: =IF(ISERROR(VLOOKUP(C44,일용직명단!$A$3:$K$1246,8,FALSE())),0,VLOOKUP(C44,일용직명단!$A$3:$K$1246,8,FALSE())) -> 150000 | X44: =IFERROR(IF(AG44>=65,0,ROUNDDOWN(W45*$Z$4,-1)),0) -> 0 | Y44: =IF(AE44>=8,ROUNDDOWN(W45*$M$4,-1),0) -> 63810 | Z44: =IFERROR(IF(AND(COUNT(F44:U45)>=8,$AG44<60,W45<=5530000),ROUNDDOWN(ROUNDDOWN(W45,-3)*4.5%,-1),IF(AND(COUNT(F44:U45)>=8,AG44<60,W45>5530000),248850,0)),0) -> 0 | AA44: =+X44+Y44+X45+Y45+Z44+Z45 -> 67940 | AB44: =W45-AA44 -> 1732060 | AC44: =IF(ISERROR(VLOOKUP(C44,일용직명단!$A$3:$I$1226,5,FALSE())),0,VLOOKUP(C44,일용직명단!$A$3:$I$1226,5,FALSE())) -> 농협 | AD44: =IF(ISERROR(VLOOKUP(C44,일용직명단!$A$3:$I$1226,6,FALSE())),0,VLOOKUP(C44,일용직명단!$A$3:$I$1226,6,FALSE())) -> 민백규 | AE44: =COUNT(F44:U45) -> 12 | AF44: =IF(OR(MID(D44,8,1)="1",MID(D44,8,1)="2"),19&LEFT(D44,2),20&LEFT(D44,2))&"-"&MID(D44,3,2)&"-"&MID(D44,5,2) -> 1960-08-10 | AG44: =INT((TODAY()-AF44)/365.25) -> 65 | AH44: =ROUNDDOWN(SUM(AI44:AX45),-1) -> 0 | AI44: =IF($W44*F44>150000,($W44*F44-150000)*6%*45%,0) -> 0 | AJ44: =IF($W44*G44>150000,($W44*G44-150000)*6%*45%,0) -> 0 | AK44: =IF($W44*H44>150000,($W44*H44-150000)*6%*45%,0) -> 0 | AL44: =IF($W44*I44>150000,($W44*I44-150000)*6%*45%,0) -> 0 | AM44: =IF($W44*J44>150000,($W44*J44-150000)*6%*45%,0) -> 0 | AN44: =IF($W44*K44>150000,($W44*K44-150000)*6%*45%,0) -> 0 | AO44: =IF($W44*L44>150000,($W44*L44-150000)*6%*45%,0) -> 0 | AP44: =IF($W44*M44>150000,($W44*M44-150000)*6%*45%,0) -> 0 | ... AW44: =IF($W44*T44>150000,($W44*T44-150000)*6%*45%,0) -> 0 | AY44: =IF(ISERROR(VLOOKUP(C44,[26]일용직명단!$A$3:$M$1151,11,FALSE())),0,VLOOKUP(C44,[26]일용직명단!$A$3:$M$1151,11,FALSE())) -> 29157
E45: =IF(ISERROR(VLOOKUP(C44,일용직명단!$A$3:$K$1246,9,FALSE())),0,VLOOKUP(C44,일용직명단!$A$3:$K$1246,9,FALSE())) -> 010-7107-2693 | G45: 1 | H45: 1 | I45: 1 | J45: 1 | W45: =W44*V44 -> 1800000 | X45: =IF(AH44<1000,0,AH44) -> 0 | Y45: =ROUNDDOWN(X45*10%,-1) -> 0 | Z45: =IF(AE44>=8,ROUNDDOWN(Y44*$Q$4,-1),0) -> 4130 | AC45: =IF(ISERROR(VLOOKUP(C44,일용직명단!$A$3:$I$1226,7,FALSE())),0,VLOOKUP(C44,일용직명단!$A$3:$I$1226,7,FALSE())) -> 453060-52-207611 | AI45: =IF($W44*F45>150000,($W44*F45-150000)*6%*45%,0) -> 0 | AJ45: =IF($W44*G45>150000,($W44*G45-150000)*6%*45%,0) -> 0 | AK45: =IF($W44*H45>150000,($W44*H45-150000)*6%*45%,0) -> 0 | AL45: =IF($W44*I45>150000,($W44*I45-150000)*6%*45%,0) -> 0 | AM45: =IF($W44*J45>150000,($W44*J45-150000)*6%*45%,0) -> 0 | AN45: =IF($W44*K45>150000,($W44*K45-150000)*6%*45%,0) -> 0 | AO45: =IF($W44*L45>150000,($W44*L45-150000)*6%*45%,0) -> 0 | AP45: =IF($W44*M45>150000,($W44*M45-150000)*6%*45%,0) -> 0 | ... AX45: =IF($W44*U45>150000,($W44*U45-150000)*6%*45%,0) -> 0
A46: =A44+1 -> 13 | B46: 제천 금성면 | C46: 최순옥 | D46: =IF(ISERROR(VLOOKUP(C46,일용직명단!$A$3:$K$1246,3,FALSE())),0,VLOOKUP(C46,일용직명단!$A$3:$K$1246,3,FALSE())) -> 661110-2382929 | E46: =IF(ISERROR(VLOOKUP(C46,일용직명단!$A$3:$K$1246,4,FALSE())),0,VLOOKUP(C46,일용직명단!$A$3:$K$1246,4,FALSE())) -> 대전광역시 동구 성동로7번길 58-11, 1동 107호 (자양동, 임광아파트) | K46: 1 | L46: 1 | M46: 1 | P46: 1 | Q46: 1 | R46: 1 | S46: 1 | T46: 1 | V46: =SUM(F46:U47) -> 12 | W46: =IF(ISERROR(VLOOKUP(C46,일용직명단!$A$3:$K$1246,8,FALSE())),0,VLOOKUP(C46,일용직명단!$A$3:$K$1246,8,FALSE())) -> 150000 | X46: =IFERROR(IF(AG46>=65,0,ROUNDDOWN(W47*$Z$4,-1)),0) -> 16200 | Y46: =IF(AE46>=8,ROUNDDOWN(W47*$M$4,-1),0) -> 63810 | Z46: =IFERROR(IF(AND(COUNT(F46:U47)>=8,$AG46<60,W47<=5530000),ROUNDDOWN(ROUNDDOWN(W47,-3)*4.5%,-1),IF(AND(COUNT(F46:U47)>=8,AG46<60,W47>5530000),248850,0)),0) -> 81000 | AA46: =+X46+Y46+X47+Y47+Z46+Z47 -> 165140 | AB46: =W47-AA46 -> 1634860 | AC46: =IF(ISERROR(VLOOKUP(C46,일용직명단!$A$3:$I$1226,5,FALSE())),0,VLOOKUP(C46,일용직명단!$A$3:$I$1226,5,FALSE())) -> 농협 | AD46: =IF(ISERROR(VLOOKUP(C46,일용직명단!$A$3:$I$1226,6,FALSE())),0,VLOOKUP(C46,일용직명단!$A$3:$I$1226,6,FALSE())) -> 최순옥 | AE46: =COUNT(F46:U47) -> 12 | AF46: =IF(OR(MID(D46,8,1)="1",MID(D46,8,1)="2"),19&LEFT(D46,2),20&LEFT(D46,2))&"-"&MID(D46,3,2)&"-"&MID(D46,5,2) -> 1966-11-10 | AG46: =INT((TODAY()-AF46)/365.25) -> 59 | AH46: =ROUNDDOWN(SUM(AI46:AX47),-1) -> 0 | AI46: =IF($W46*F46>150000,($W46*F46-150000)*6%*45%,0) -> 0 | AJ46: =IF($W46*G46>150000,($W46*G46-150000)*6%*45%,0) -> 0 | AK46: =IF($W46*H46>150000,($W46*H46-150000)*6%*45%,0) -> 0 | AL46: =IF($W46*I46>150000,($W46*I46-150000)*6%*45%,0) -> 0 | AM46: =IF($W46*J46>150000,($W46*J46-150000)*6%*45%,0) -> 0 | AN46: =IF($W46*K46>150000,($W46*K46-150000)*6%*45%,0) -> 0 | AO46: =IF($W46*L46>150000,($W46*L46-150000)*6%*45%,0) -> 0 | AP46: =IF($W46*M46>150000,($W46*M46-150000)*6%*45%,0) -> 0 | ... AW46: =IF($W46*T46>150000,($W46*T46-150000)*6%*45%,0) -> 0 | AY46: =IF(ISERROR(VLOOKUP(C46,[26]일용직명단!$A$3:$M$1151,11,FALSE())),0,VLOOKUP(C46,[26]일용직명단!$A$3:$M$1151,11,FALSE())) -> 34513
E47: =IF(ISERROR(VLOOKUP(C46,일용직명단!$A$3:$K$1246,9,FALSE())),0,VLOOKUP(C46,일용직명단!$A$3:$K$1246,9,FALSE())) -> 010-8770-7249 | G47: 1 | H47: 1 | I47: 1 | J47: 1 | W47: =W46*V46 -> 1800000 | X47: =IF(AH46<1000,0,AH46) -> 0 | Y47: =ROUNDDOWN(X47*10%,-1) -> 0 | Z47: =IF(AE46>=8,ROUNDDOWN(Y46*$Q$4,-1),0) -> 4130 | AC47: =IF(ISERROR(VLOOKUP(C46,일용직명단!$A$3:$I$1226,7,FALSE())),0,VLOOKUP(C46,일용직명단!$A$3:$I$1226,7,FALSE())) -> 352-2099-8874-83 | AI47: =IF($W46*F47>150000,($W46*F47-150000)*6%*45%,0) -> 0 | AJ47: =IF($W46*G47>150000,($W46*G47-150000)*6%*45%,0) -> 0 | AK47: =IF($W46*H47>150000,($W46*H47-150000)*6%*45%,0) -> 0 | AL47: =IF($W46*I47>150000,($W46*I47-150000)*6%*45%,0) -> 0 | AM47: =IF($W46*J47>150000,($W46*J47-150000)*6%*45%,0) -> 0 | AN47: =IF($W46*K47>150000,($W46*K47-150000)*6%*45%,0) -> 0 | AO47: =IF($W46*L47>150000,($W46*L47-150000)*6%*45%,0) -> 0 | AP47: =IF($W46*M47>150000,($W46*M47-150000)*6%*45%,0) -> 0 | ... AX47: =IF($W46*U47>150000,($W46*U47-150000)*6%*45%,0) -> 0
A48: =A46+1 -> 14 | C48: 최순자 | D48: =IF(ISERROR(VLOOKUP(C48,일용직명단!$A$3:$K$1246,3,FALSE())),0,VLOOKUP(C48,일용직명단!$A$3:$K$1246,3,FALSE())) -> 610604-2382923 | E48: =IF(ISERROR(VLOOKUP(C48,일용직명단!$A$3:$K$1246,4,FALSE())),0,VLOOKUP(C48,일용직명단!$A$3:$K$1246,4,FALSE())) -> 대전광역시 동구 충정로 136, 1102동 2006호 (가양동, 대주파크빌) | K48: 1 | L48: 1 | M48: 1 | P48: 1 | Q48: 1 | R48: 1 | S48: 1 | T48: 1 | V48: =SUM(F48:U49) -> 12 | W48: =IF(ISERROR(VLOOKUP(C48,일용직명단!$A$3:$K$1246,8,FALSE())),0,VLOOKUP(C48,일용직명단!$A$3:$K$1246,8,FALSE())) -> 150000 | X48: =IFERROR(IF(AG48>=65,0,ROUNDDOWN(W49*$Z$4,-1)),0) -> 16200 | Y48: =IF(AE48>=8,ROUNDDOWN(W49*$M$4,-1),0) -> 63810 | Z48: =IFERROR(IF(AND(COUNT(F48:U49)>=8,$AG48<60,W49<=5530000),ROUNDDOWN(ROUNDDOWN(W49,-3)*4.5%,-1),IF(AND(COUNT(F48:U49)>=8,AG48<60,W49>5530000),248850,0)),0) -> 0 | AA48: =+X48+Y48+X49+Y49+Z48+Z49 -> 84140 | AB48: =W49-AA48 -> 1715860 | AC48: =IF(ISERROR(VLOOKUP(C48,일용직명단!$A$3:$I$1226,5,FALSE())),0,VLOOKUP(C48,일용직명단!$A$3:$I$1226,5,FALSE())) -> 농협 | AD48: =IF(ISERROR(VLOOKUP(C48,일용직명단!$A$3:$I$1226,6,FALSE())),0,VLOOKUP(C48,일용직명단!$A$3:$I$1226,6,FALSE())) -> 최순자 | AE48: =COUNT(F48:U49) -> 12 | AF48: =IF(OR(MID(D48,8,1)="1",MID(D48,8,1)="2"),19&LEFT(D48,2),20&LEFT(D48,2))&"-"&MID(D48,3,2)&"-"&MID(D48,5,2) -> 1961-06-04 | AG48: =INT((TODAY()-AF48)/365.25) -> 64 | AH48: =ROUNDDOWN(SUM(AI48:AX49),-1) -> 0 | AI48: =IF($W48*F48>150000,($W48*F48-150000)*6%*45%,0) -> 0 | AJ48: =IF($W48*G48>150000,($W48*G48-150000)*6%*45%,0) -> 0 | AK48: =IF($W48*H48>150000,($W48*H48-150000)*6%*45%,0) -> 0 | AL48: =IF($W48*I48>150000,($W48*I48-150000)*6%*45%,0) -> 0 | AM48: =IF($W48*J48>150000,($W48*J48-150000)*6%*45%,0) -> 0 | AN48: =IF($W48*K48>150000,($W48*K48-150000)*6%*45%,0) -> 0 | AO48: =IF($W48*L48>150000,($W48*L48-150000)*6%*45%,0) -> 0 | AP48: =IF($W48*M48>150000,($W48*M48-150000)*6%*45%,0) -> 0 | ... AW48: =IF($W48*T48>150000,($W48*T48-150000)*6%*45%,0) -> 0 | AY48: =IF(ISERROR(VLOOKUP(C48,[26]일용직명단!$A$3:$M$1151,11,FALSE())),0,VLOOKUP(C48,[26]일용직명단!$A$3:$M$1151,11,FALSE())) -> 34509
E49: =IF(ISERROR(VLOOKUP(C48,일용직명단!$A$3:$K$1246,9,FALSE())),0,VLOOKUP(C48,일용직명단!$A$3:$K$1246,9,FALSE())) -> 010-5093-9072 | G49: 1 | H49: 1 | I49: 1 | J49: 1 | W49: =W48*V48 -> 1800000 | X49: =IF(AH48<1000,0,AH48) -> 0 | Y49: =ROUNDDOWN(X49*10%,-1) -> 0 | Z49: =IF(AE48>=8,ROUNDDOWN(Y48*$Q$4,-1),0) -> 4130 | AC49: =IF(ISERROR(VLOOKUP(C48,일용직명단!$A$3:$I$1226,7,FALSE())),0,VLOOKUP(C48,일용직명단!$A$3:$I$1226,7,FALSE())) -> 356-1585-3805-03 | AI49: =IF($W48*F49>150000,($W48*F49-150000)*6%*45%,0) -> 0 | AJ49: =IF($W48*G49>150000,($W48*G49-150000)*6%*45%,0) -> 0 | AK49: =IF($W48*H49>150000,($W48*H49-150000)*6%*45%,0) -> 0 | AL49: =IF($W48*I49>150000,($W48*I49-150000)*6%*45%,0) -> 0 | AM49: =IF($W48*J49>150000,($W48*J49-150000)*6%*45%,0) -> 0 | AN49: =IF($W48*K49>150000,($W48*K49-150000)*6%*45%,0) -> 0 | AO49: =IF($W48*L49>150000,($W48*L49-150000)*6%*45%,0) -> 0 | AP49: =IF($W48*M49>150000,($W48*M49-150000)*6%*45%,0) -> 0 | ... AX49: =IF($W48*U49>150000,($W48*U49-150000)*6%*45%,0) -> 0
